Workbook

Sheet Techniques
A1: Technique | B1: (1) data/memory structure | C1: (2) algorithm implementation | D1: (3) arithmetic/logic operations | E1: (4) loops
A2: T4 | E2: x
A3: T5 | C3: x
A4: T7 | B4: x | C4: x
A5: T8 | B5: x | C5: x
A6: T9 | C6: x
A7: T10 | C7: x | E7: x
A8: T11 | B8: x | E8: x
A9: T12 | C9: x
A10: T13 | B10: x | E10: x
A11: T16 | D11: x
A12: T17 | D12: x
A13: T19 | C13: x | E13: x
A14: T20 | C14: x | E14: x
A15: T25 | C15: x | E15: x
A16: T26 | C16: x | E16: x
A17: T28 | E17: x
A18: T29 | D18: x
A19: T31 | C19: x
A20: T32 | C20: x
A21: T33 | C21: x
A22: T36 | E22: x
A23: T40 | E23: x
A24: T44 | D24: x
A25: T49 | C25: x
A26: T50 | C26: x
A27: T51 | C27: x

Sheet Implementation
A1: ID | B1: Name | C1: Programming language
C2: C | D2: Python | E2: Java
A3: T01 | B3: Bit Fields | C3: x | D3: Does not have Bit Fields. | E3: Does not have Bit Fields.
A4: T02 | B4: Bit Sets | C4: x | D4: Does not have built-in support for Bit Sets. | E4: Does not have built-in support for Bit Sets.
A5: T03 | B5: Boolean Return | C5: x | D5: Does not support returning multiple boolean values as a single unsigned int. | E5: Does not support returning multiple boolean values as a single unsigned int.
A6: T04 | B6: Cascaded Function Calls | C6: x | D6: x | E6: x
A7: T05 | B7: Row Major Accesing | C7: x | D7: x | E7: x
A8: T06 | B8: Constructor Initialization Lists | C8: x | D8: Does not support constructor initialization lists. | E8: Does not support constructor initialization lists.
A9: T07 | B9: Common Subexpression Elimination | C9: x | D9: x | E9: x
A10: T08 | B10: Mapping Estructures | C10: x | D10: x | E10: x
A11: T09 | B11: Dead Code Elimination | C11: x | D11: x | E11: x
A12: T10 | B12: Exception Handling | C12: x | D12: x | E12: x
A13: T11 | B13: Global Variables Within Loops | C13: x | D13: x | E13: x
A14: T12 | B14: Function Inlining | C14: x | D14: x | E14: x
... A50: T51 | B50: Coarsening Recursion | C50: x | D50: x | E50: x

Sheet C Impact of Technique
A1: Tecnica | B1: Optimization | C1: Test | D1: Time (s) | E1: Power | H1: Consumption (with baseline) | K1: Consumption (without baseline) | N1: Impact of Technique ((Test2-Test1)/Test1%)
E2: HDD (w) | F2: CPU (w) | G2: DUT (w) | H2: HDD (J) | I2: CPU (J) | J2: DUT (J) | K2: HDD (J) | L2: CPU (J) | M2: DUT (J) | N2: Time (s) | O2: HDD (J) | P2: CPU (J) | Q2: DUT (J)
A3: T04 | B3: O0 | C3: Test1 | D3: 4.713 | E3: 3.48 | F3: 22.78 | G3: 132.94 | H3: 16.40124 | I3: 107.36214 | J3: 626.54622 | K3: 14.42178 | L3: 104.6286 | M3: 242.2482 | N3: =(D4-D3)/D3 -> -0.22236367 | O3: =(K4-K3)/K3 -> -0.21728108 | P3: =(L4-L3)/L3 -> -0.32709938 | Q3: =(M4-M3)/M3 -> -0.32024903
C4: Test2 | D4: 3.665 | E4: 3.5 | F4: 19.79 | G4: 126.47 | H4: 12.8275 | I4: 72.53035 | J4: 463.51255 | K4: 11.2882 | L4: 70.40465 | M4: 164.66845
B5: O3 | C5: Test1 | D5: 3.071 | E5: 3.51 | F5: 19.7 | G5: 126.64 | H5: 10.77921 | I5: 60.4987 | J5: 388.91144 | K5: 9.48939 | L5: 58.71752 | M5: 138.5021 | N5: =(D6-D5)/D5 -> -0.65874308 | O5: =(K6-K5)/K5 -> -0.65101234 | P5: =(L6-L5)/L5 -> -0.80045751 | Q5: =(M6-M5)/M5 -> -0.7705785
C6: Test2 | D6: 1.048 | E6: 3.58 | F6: 11.76 | G6: 111.86 | H6: 3.75184 | I6: 12.32448 | J6: 117.22928 | K6: 3.31168 | L6: 11.71664 | M6: 31.77536
A7: T05 | B7: O0 | C7: Test1 | D7: 409.731 | E7: 3.5 | F7: 26.81 | G7: 147.48 | H7: 1434.0585 | I7: 10984.888 | J7: 60427.128 | K7: 1327.5284 | L7: 10820.996 | M7: 24903.45 | N7: =(D8-D7)/D7 -> -0.022866222 | O7: =(K8-K7)/K7 -> -0.022866222 | P7: =(L8-L7)/L7 -> -0.022126249 | Q7: =(M8-M7)/M7 -> -0.022062394
C8: Test2 | D8: 400.362 | E8: 3.5 | F8: 26.83 | G8: 147.52 | H8: 1401.267 | I8: 10741.712 | J8: 59061.402 | K8: 1297.1729 | L8: 10581.568 | M8: 24354.02
B9: O3 | C9: Test1 | D9: 21.569 | E9: 3.52 | F9: 23.76 | G9: 139.3 | H9: 75.92288 | I9: 512.47944 | J9: 3004.5617 | K9: 70.31494 | L9: 503.85184 | M9: 1134.7451 | N9: =(D10-D9)/D9 -> -0.0500255 | O9: =(K10-K9)/K9 -> -0.055853564 | P9: =(L10-L9)/L9 -> 0.077261323 | Q9: =(M10-M9)/M9 -> 0.065358212
C10: Test2 | D10: 20.49 | E10: 3.5 | F10: 26.89 | G10: 145.7 | H10: 71.715 | I10: 550.9761 | J10: 2985.393 | K10: 66.3876 | L10: 542.7801 | M10: 1208.91
A11: T07 | B11: O0 | C11: Test1 | D11: 2.094 | E11: 3.55 | F11: 15.94 | G11: 121.5 | H11: 7.4337 | I11: 33.37836 | J11: 254.421 | K11: 6.55422 | L11: 32.16384 | M11: 71.7195 | N11: =(D12-D11)/D11 -> -0.5 | O11: =(K12-K11)/K11 -> -0.48881789 | P11: =(L12-L11)/L11 -> -0.52311198 | Q11: =(M12-M11)/M11 -> -0.56175182
C12: Test2 | D12: 1.047 | E12: 3.62 | F12: 15.23 | G12: 117.27 | H12: 3.79014 | I12: 15.94581 | J12: 122.78169 | K12: 3.3504 | L12: 15.33855 | M12: 31.43094
B13: O3 | C13: Test1 | D13: 2.094 | E13: 3.55 | F13: 15.6 | G13: 119.95 | H13: 7.4337 | I13: 32.6664 | J13: 251.1753 | K13: 6.55422 | L13: 31.45188 | M13: 68.4738 | N13: =(D14-D13)/D13 -> -0.5 | O13: =(K14-K13)/K13 -> -0.48722045 | P13: =(L14-L13)/L13 -> -0.5286285 | Q13: =(M14-M13)/M13 -> -0.55764526
C14: Test2 | D14: 1.047 | E14: 3.63 | F14: 14.74 | G14: 116.19 | H14: 3.80061 | I14: 15.43278 | J14: 121.65093 | K14: 3.36087 | L14: 14.82552 | M14: 30.28971
A15: T08 | B15: O0 | C15: Test1 | D15: 4.747 | E15: 3.52 | F15: 26.91 | G15: 142.41 | H15: 16.70944 | I15: 127.74177 | J15: 676.02027 | K15: 14.7157 | L15: 124.98851 | M15: 261.13247 | N15: =(D16-D15)/D15 -> 0.45081104 | O15: =(K16-K15)/K15 -> 0.46485115 | P15: =(L16-L15)/L15 -> 0.48938178 | Q15: =(M16-M15)/M15 -> 0.53467905
C16: Test2 | D16: 6.887 | E16: 3.55 | F16: 27.61 | G16: 145.59 | H16: 24.44885 | I16: 190.15007 | J16: 1002.6783 | K16: 21.55631 | L16: 186.15561 | M16: 400.75453
B17: O3 | C17: Test1 | D17: 22.572 | E17: 3.51 | F17: 23.85 | G17: 139.73 | H17: 79.22772 | I17: 538.3422 | J17: 3153.9856 | K17: 69.74748 | L17: 525.25044 | M17: 1181.1928 | N17: =(D18-D17)/D17 -> -0.69174198 | O17: =(K18-K17)/K17 -> -0.68974678 | P17: =(L18-L17)/L17 -> -0.63742922 | Q17: =(M18-M17)/M17 -> -0.65333491
C18: Test2 | D18: 6.958 | E18: 3.53 | F18: 27.95 | G18: 146.25 | H18: 24.56174 | I18: 194.4761 | J18: 1017.6075 | K18: 21.63938 | L18: 190.44046 | M18: 409.4783
A19: T09 | B19: O0 | C19: Test1 | D19: 0.541 | E19: 3.72 | F19: 8.06 | G19: 119.19 | H19: 2.01252 | I19: 4.36046 | J19: 64.48179 | K19: 1.7853 | L19: 4.04668 | M19: 11.47461 | N19: =(D20-D19)/D19 -> -0.033271719 | O19: =(K20-K19)/K19 -> -0.030342239 | P19: =(L20-L19)/L19 -> -0.15863622 | Q19: =(M20-M19)/M19 -> -0.10072848
C20: Test2 | D20: 0.523 | E20: 3.73 | F20: 7.09 | G20: 117.7 | H20: 1.95079 | I20: 3.70807 | J20: 61.5571 | K20: 1.73113 | L20: 3.40473 | M20: 10.31879
B21: O3 | C21: Test1 | D21: 0.524 | E21: 3.73 | F21: 7.77 | G21: 118.13 | H21: 1.95452 | I21: 4.07148 | J21: 61.90012 | K21: 1.73444 | L21: 3.76756 | M21: 10.5586 | N21: =(D22-D21)/D21 -> -0.0019083969 | O21: =(K22-K21)/K21 -> -0.0049237794 | P21: =(L22-L21)/L21 -> -0.0005202306 | Q21: =(M22-M21)/M21 -> 0.0084935503
C22: Test2 | D22: 0.523 | E22: 3.72 | F22: 7.78 | G22: 118.33 | H22: 1.94556 | I22: 4.06894 | J22: 61.88659 | K22: 1.7259 | L22: 3.7656 | M22: 10.64828
A23: T10 | B23: O0 | C23: Test1 | D23: 81.871 | E23: 3.51 | F23: 28.92 | G23: 151.17 | H23: 287.36721 | I23: 2367.7093 | J23: 12376.439 | K23: 252.98139 | L23: 2320.2241 | M23: 5473.8951 | N23: =(D24-D23)/D23 -> -0.98715052 | O23: =(K24-K23)/K23 -> -0.98665151 | P23: =(L24-L23)/L23 -> -0.99654959 | Q23: =(M24-M23)/M23 -> -0.99557975
C24: Test2 | D24: 1.052 | E24: 3.63 | F24: 8.19 | G24: 107.31 | H24: 3.81876 | I24: 8.61588 | J24: 112.89012 | K24: 3.37692 | L24: 8.00572 | M24: 24.196
B25: O3 | C25: Test1 | D25: 81.566 | E25: 3.52 | F25: 28.88 | G25: 152.29 | H25: 287.11232 | I25: 2355.6261 | J25: 12421.686 | K25: 252.8546 | L25: 2308.3178 | M25: 5544.8567 | N25: =(D26-D25)/D25 -> -0.99355123 | O25: =(K26-K25)/K25 -> -0.99313519 | P25: =(L26-L25)/L25 -> -0.99856213 | Q25: =(M26-M25)/M25 -> -0.99810559
C26: Test2 | D26: 0.526 | E26: 3.72 | F26: 6.89 | G26: 104.28 | H26: 1.95672 | I26: 3.62414 | J26: 54.85128 | K26: 1.7358 | L26: 3.31906 | M26: 10.50422
A27: T11 | B27: O0 | C27: Test1 | D27: 2.095 | E27: 3.54 | F27: 17.14 | G27: 123.05 | H27: 7.4163 | I27: 35.9083 | J27: 257.78975 | K27: 6.5364 | L27: 34.6932 | M27: 79.8614 | N27: =(D28-D27)/D27 -> -0.00047732697 | O27: =(K28-K27)/K27 -> -0.0036809253 | P27: =(L28-L27)/L27 -> 0.025476462 | Q27: =(M28-M27)/M27 -> -0.001526144
C28: Test2 | D28: 2.094 | E28: 3.53 | F28: 17.57 | G28: 123 | H28: 7.39182 | I28: 36.79158 | J28: 257.562 | K28: 6.51234 | L28: 35.57706 | M28: 79.73952
B29: O3 | C29: Test1 | D29: 1.047 | E29: 3.61 | F29: 12.86 | G29: 114.3 | H29: 3.77967 | I29: 13.46442 | J29: 119.6721 | K29: 3.33993 | L29: 12.85716 | M29: 30.76086 | N29: =(D30-D29)/D29 -> 0 | O29: =(K30-K29)/K29 -> 0 | P29: =(L30-L29)/L29 -> -0.24918567 | Q29: =(M30-M29)/M29 -> -0.20762423
C30: Test2 | D30: 1.047 | E30: 3.61 | F30: 9.8 | G30: 108.2 | H30: 3.77967 | I30: 10.2606 | J30: 113.2854 | K30: 3.33993 | L30: 9.65334 | M30: 24.37416
A31: T12 | B31: O0 | C31: Test1 | D31: 1.047 | E31: 3.59 | F31: 13.32 | G31: 114.16 | H31: 3.75873 | I31: 13.94604 | J31: 119.52552 | K31: 3.31899 | L31: 13.33878 | M31: 27.38952 | N31: =(D32-D31)/D31 -> 0 | O31: =(K32-K31)/K31 -> 0.0031545741 | P31: =(L32-L31)/L31 -> -0.28492936 | Q31: =(M32-M31)/M31 -> -0.14105505
C32: Test2 | D32: 1.047 | E32: 3.6 | F32: 9.69 | G32: 110.47 | H32: 3.7692 | I32: 10.14543 | J32: 115.66209 | K32: 3.32946 | L32: 9.53817 | M32: 23.52609
B33: O3 | C33: Test1 | D33: 1.047 | E33: 3.61 | F33: 11.23 | G33: 112.08 | H33: 3.77967 | I33: 11.75781 | J33: 117.34776 | K33: 3.33993 | L33: 11.15055 | M33: 25.22223 | N33: =(D34-D33)/D33 -> -0.41642789 | O33: =(K34-K33)/K33 -> -0.39630471 | P33: =(L34-L33)/L33 -> -0.60985602 | Q33: =(M34-M33)/M33 -> -0.56419833
C34: Test2 | D34: 0.611 | E34: 3.72 | F34: 7.7 | G34: 105.98 | H34: 2.27292 | I34: 4.7047 | J34: 64.75378 | K34: 2.0163 | L34: 4.35032 | M34: 10.99189
A35: T13 | B35: O0 | C35: Test1 | D35: 8.378 | E35: 3.49 | F35: 24.17 | G35: 139.42 | H35: 29.23922 | I35: 202.49626 | J35: 1168.0608 | K35: 25.72046 | L35: 197.63702 | M35: 455.00918 | N35: =(D36-D35)/D35 -> 0.011458582 | O35: =(K36-K35)/K35 -> 0.0081639286 | P35: =(L36-L35)/L35 -> 0.014888709 | Q35: =(M36-M35)/M35 -> -0.0062340281
C36: Test2 | D36: 8.474 | E36: 3.48 | F36: 24.25 | G36: 138.47 | H36: 29.48952 | I36: 205.4945 | J36: 1173.3948 | K36: 25.93044 | L36: 200.57958 | M36: 452.17264
B37: O3 | C37: Test1 | D37: 6.283 | E37: 3.49 | F37: 23.14 | G37: 137.16 | H37: 21.92767 | I37: 145.38862 | J37: 861.77628 | K37: 19.28881 | L37: 141.74448 | M37: 327.09298 | N37: =(D38-D37)/D37 -> 0.0039789909 | O37: =(K38-K37)/K37 -> 0.00070870106 | P37: =(L38-L37)/L37 -> -0.069005297 | Q37: =(M38-M37)/M37 -> -0.084732176
C38: Test2 | D38: 6.308 | E38: 3.48 | F38: 21.5 | G38: 132.57 | H38: 21.95184 | I38: 135.622 | J38: 836.25156 | K38: 19.30248 | L38: 131.96336 | M38: 299.37768
A39: T16 | B39: O0 | C39: Test1 | D39: 1.047 | E39: 3.57 | F39: 10.62 | G39: 112.06 | H39: 3.73779 | I39: 11.11914 | J39: 117.32682 | K39: 3.29805 | L39: 10.51188 | M39: 24.26946 | N39: =(D40-D39)/D39 -> 0 | O39: =(K40-K39)/K39 -> 0.0063492063 | P39: =(L40-L39)/L39 -> -0.071713147 | Q39: =(M40-M39)/M39 -> -0.082830026
C40: Test2 | D40: 1.047 | E40: 3.59 | F40: 9.9 | G40: 110.14 | H40: 3.75873 | I40: 10.3653 | J40: 115.31658 | K40: 3.31899 | L40: 9.75804 | M40: 22.25922
B41: O3 | C41: Test1 | D41: 1.047 | E41: 3.6 | F41: 10.63 | G41: 111.38 | H41: 3.7692 | I41: 11.12961 | J41: 116.61486 | K41: 3.32946 | L41: 10.52235 | M41: 23.5575 | N41: =(D42-D41)/D41 -> 0 | O41: =(K42-K41)/K41 -> 0 | P41: =(L42-L41)/L41 -> -0.094527363 | Q41: =(M42-M41)/M41 -> -0.071555556
C42: Test2 | D42: 1.047 | E42: 3.6 | F42: 9.68 | G42: 109.77 | H42: 3.7692 | I42: 10.13496 | J42: 114.92919 | K42: 3.32946 | L42: 9.5277 | M42: 21.87183
A43: T17 | B43: O0 | C43: Test1 | D43: 1.047 | E43: 3.59 | F43: 10.53 | G43: 111.09 | H43: 3.75873 | I43: 11.02491 | J43: 116.31123 | K43: 3.31899 | L43: 10.41765 | M43: 24.48933 | N43: =(D44-D43)/D43 -> 0 | O43: =(K44-K43)/K43 -> 0 | P43: =(L44-L43)/L43 -> -0.070351759 | Q43: =(M44-M43)/M43 -> -0.018383925
C44: Test2 | D44: 1.047 | E44: 3.59 | F44: 9.83 | G44: 110.66 | H44: 3.75873 | I44: 10.29201 | J44: 115.86102 | K44: 3.31899 | L44: 9.68475 | M44: 24.03912
B45: O3 | C45: Test1 | D45: 1.047 | E45: 3.61 | F45: 10.21 | G45: 110.51 | H45: 3.77967 | I45: 10.68987 | J45: 115.70397 | K45: 3.33993 | L45: 10.08261 | M45: 23.88207 | N45: =(D46-D45)/D45 -> 0 | O45: =(K46-K45)/K45 -> -0.0031347962 | P45: =(L46-L45)/L45 -> -0.063343718 | Q45: =(M46-M45)/M45 -> -0.0070144673
C46: Test2 | D46: 1.047 | E46: 3.6 | F46: 9.6 | G46: 110.35 | H46: 3.7692 | I46: 10.0512 | J46: 115.53645 | K46: 3.32946 | L46: 9.44394 | M46: 23.71455
A47: T19 | B47: O0 | C47: Test1 | D47: 12.95 | E47: 3.45 | F47: 23.3 | G47: 137.33 | H47: 44.6775 | I47: 301.735 | J47: 1778.4235 | K47: 39.2385 | L47: 294.224 | M47: 661.6155 | N47: =(D48-D47)/D47 -> -0.016756757 | O47: =(K48-K47)/K47 -> -0.01351173 | P47: =(L48-L47)/L47 -> 0.026519794 | Q47: =(M48-M47)/M47 -> 0.030779176
C48: Test2 | D48: 12.733 | E48: 3.46 | F48: 24.3 | G48: 139.8 | H48: 44.05618 | I48: 309.4119 | J48: 1780.0734 | K48: 38.70832 | L48: 302.02676 | M48: 681.97948
B49: O3 | C49: Test1 | D49: 1.57 | E49: 3.52 | F49: 15.61 | G49: 118.92 | H49: 5.5264 | I49: 24.5077 | J49: 186.7044 | K49: 4.867 | L49: 23.5971 | M49: 51.3076 | N49: =(D50-D49)/D49 -> 0.0044585987 | O49: =(K50-K49)/K49 -> 0.010938977 | P49: =(L50-L49)/L49 -> 0.13611418 | Q49: =(M50-M49)/M49 -> 0.12986224
C50: Test2 | D50: 1.577 | E50: 3.54 | F50: 17.58 | G50: 123 | H50: 5.58258 | I50: 27.72366 | J50: 193.971 | K50: 4.92024 | L50: 26.809 | M50: 57.97052
A51: T20 | B51: O0 | C51: Test1 | D51: 8.901 | E51: 3.52 | F51: 22.77 | G51: 147.15 | H51: 31.33152 | I51: 202.67577 | J51: 1309.7822 | K51: 27.5931 | L51: 197.51319 | M51: 423.06453 | N51: =(D52-D51)/D51 -> -0.64700595 | O51: =(K52-K51)/K51 -> -0.64700595 | P51: =(L52-L51)/L51 -> -0.65655063 | Q51: =(M52-M51)/M51 -> -0.67181134
C52: Test2 | D52: 3.142 | E52: 3.52 | F52: 22.17 | G52: 143.8 | H52: 11.05984 | I52: 69.65814 | J52: 451.8196 | K52: 9.7402 | L52: 67.83578 | M52: 138.84498
B53: O3 | C53: Test1 | D53: 1.1 | E53: 3.63 | F53: 13.66 | G53: 126.43 | H53: 3.993 | I53: 15.026 | J53: 139.073 | K53: 3.531 | L53: 14.388 | M53: 29.491 | N53: =(D54-D53)/D53 -> 0.43272727 | O53: =(K54-K53)/K53 -> 0.41041065 | P53: =(L54-L53)/L53 -> 0.43491799 | Q53: =(M54-M53)/M53 -> 0.49845851
C54: Test2 | D54: 1.576 | E54: 3.58 | F54: 13.68 | G54: 127.65 | H54: 5.64208 | I54: 21.55968 | J54: 201.1764 | K54: 4.98016 | L54: 20.6456 | M54: 44.19104
A55: T25 | B55: O0 | C55: Test1 | D55: 18.85 | E55: 3.45 | F55: 23.08 | G55: 136.18 | H55: 65.0325 | I55: 435.058 | J55: 2566.993 | K55: 57.1155 | L55: 424.125 | M55: 1018.0885 | N55: =(D56-D55)/D55 -> -0.16514589 | O55: =(K56-K55)/K55 -> -0.16239059 | P55: =(L56-L55)/L55 -> -0.17924565 | Q55: =(M56-M55)/M55 -> -0.17782096
C56: Test2 | D56: 15.737 | E56: 3.46 | F56: 22.7 | G56: 135.36 | H56: 54.45002 | I56: 357.2299 | J56: 2130.1603 | K56: 47.84048 | L56: 348.10244 | M56: 837.05103
B57: O3 | C57: Test1 | D57: 4.729 | E57: 3.44 | F57: 20.73 | G57: 129.3 | H57: 16.26776 | I57: 98.03217 | J57: 611.4597 | K57: 14.28158 | L57: 95.28935 | M57: 222.87777 | N57: =(D58-D57)/D57 -> -0.22139987 | O57: =(K58-K57)/K57 -> -0.20850914 | P57: =(L58-L57)/L57 -> -0.23028712 | Q57: =(M58-M57)/M57 -> -0.24089379
C58: Test2 | D58: 3.682 | E58: 3.49 | F58: 20.5 | G58: 128.12 | H58: 12.85018 | I58: 75.481 | J58: 471.73784 | K58: 11.30374 | L58: 73.34544 | M58: 169.1879
A59: T26 | B59: O0 | C59: Test1 | D59: 18.325 | E59: 3.46 | F59: 23.88 | G59: 139.07 | H59: 63.4045 | I59: 437.601 | J59: 2548.4578 | K59: 55.708 | L59: 426.9725 | M59: 918.449 | N59: =(D60-D59)/D59 -> 0.032851296 | O59: =(K60-K59)/K59 -> 0.029453759 | P59: =(L60-L59)/L59 -> 0.0022647126 | Q59: =(M60-M59)/M59 -> -0.01166105
C60: Test2 | D60: 18.927 | E60: 3.45 | F60: 23.19 | G60: 136.92 | H60: 65.29815 | I60: 438.91713 | J60: 2591.4848 | K60: 57.34881 | L60: 427.93947 | M60: 907.73892
B61: O3 | C61: Test1 | D61: 5.254 | E61: 3.45 | F61: 22.9 | G61: 134.09 | H61: 18.1263 | I61: 120.3166 | J61: 704.50886 | K61: 15.91962 | L61: 117.26928 | M61: 237.16556 | N61: =(D62-D61)/D61 -> -0.79311001 | O61: =(K62-K61)/K61 -> -0.78559915 | P61: =(L62-L61)/L61 -> -0.8865442 | Q61: =(M62-M61)/M61 -> -0.89059672
C62: Test2 | D62: 1.087 | E62: 3.56 | F62: 12.82 | G62: 112.82 | H62: 3.86972 | I62: 13.93534 | J62: 122.63534 | K62: 3.41318 | L62: 13.30488 | M62: 25.94669
A63: T28 | B63: O0 | C63: Test1 | D63: 9.948 | E63: 3.45 | F63: 24.33 | G63: 137.76 | H63: 34.3206 | I63: 242.03484 | J63: 1370.4365 | K63: 30.14244 | L63: 236.265 | M63: 531.42216 | N63: =(D64-D63)/D63 -> 0.37263772 | O63: =(K64-K63)/K63 -> 0.37263772 | P63: =(L64-L63)/L63 -> 0.37205976 | Q63: =(M64-M63)/M63 -> 0.40578453
C64: Test2 | D64: 13.655 | E64: 3.45 | F64: 24.32 | G64: 139.06 | H64: 47.10975 | I64: 332.0896 | J64: 1898.8643 | K64: 41.37465 | L64: 324.1697 | M64: 747.06505
B65: O3 | C65: Test1 | D65: 2.705 | E65: 3.48 | F65: 20.67 | G65: 127.46 | H65: 9.4134 | I65: 55.91235 | J65: 344.7793 | K65: 8.2773 | L65: 54.34345 | M65: 116.61255 | N65: =(D66-D65)/D65 -> 0.16561922 | O65: =(K66-K65)/K65 -> 0.16181001 | P65: =(L66-L65)/L65 -> 0.11920333 | Q65: =(M66-M65)/M65 -> 0.14912589
C66: Test2 | D66: 3.153 | E66: 3.47 | F66: 19.87 | G66: 126.85 | H66: 10.94091 | I66: 62.65011 | J66: 399.95805 | K66: 9.61665 | L66: 60.82137 | M66: 134.0025
A67: T29 | B67: O0 | C67: Test1 | D67: 1.047 | E67: 3.61 | F67: 6.87 | G67: 115.63 | H67: 3.77967 | I67: 7.19289 | J67: 121.06461 | K67: 3.33993 | L67: 6.58563 | M67: 20.89812 | N67: =(D68-D67)/D67 -> 0 | O67: =(K68-K67)/K67 -> 0 | P67: =(L68-L67)/L67 -> -0.011128776 | Q67: =(M68-M67)/M67 -> 0.01252505
C68: Test2 | D68: 1.047 | E68: 3.61 | F68: 6.8 | G68: 115.87 | H68: 3.77967 | I68: 7.1196 | J68: 121.31589 | K68: 3.33993 | L68: 6.51234 | M68: 21.15987
B69: O3 | C69: Test1 | D69: 0.524 | E69: 3.73 | F69: 6.88 | G69: 115.12 | H69: 1.95452 | I69: 3.60512 | J69: 60.32288 | K69: 1.73444 | L69: 3.3012 | M69: 10.19704 | N69: =(D70-D69)/D69 -> -0.0019083969 | O69: =(K70-K69)/K69 -> 0.0011069855 | P69: =(L70-L69)/L69 -> 0.006012965 | Q69: =(M70-M69)/M69 -> 0.0062979061
C70: Test2 | D70: 0.523 | E70: 3.74 | F70: 6.93 | G70: 115.29 | H70: 1.95602 | I70: 3.62439 | J70: 60.29667 | K70: 1.73636 | L70: 3.32105 | M70: 10.26126
A71: T31 | B71: O0 | C71: Test1 | D71: 16.18 | E71: 4.29 | F71: 27.43 | G71: 147.84 | H71: 69.4122 | I71: 443.8174 | J71: 2392.0512 | K71: 62.6166 | L71: 434.433 | M71: 1067.2328 | N71: =(D72-D71)/D71 -> 0.44592089 | O71: =(K72-K71)/K71 -> 0.38614121 | P71: =(L72-L71)/L71 -> 0.4879253 | Q71: =(M72-M71)/M71 -> 0.49151694
C72: Test2 | D72: 23.395 | E72: 4.13 | F72: 28.21 | G72: 149.92 | H72: 96.62135 | I72: 659.97295 | J72: 3507.3784 | K72: 86.79545 | L72: 646.40385 | M72: 1591.7958
B73: O3 | C73: Test1 | D73: 12.467 | E73: 4.62 | F73: 28.13 | G73: 150.11 | H73: 57.59754 | I73: 350.69671 | J73: 1871.4214 | K73: 52.3614 | L73: 343.46585 | M73: 850.62341 | N73: =(D74-D73)/D73 -> 0.43538943 | O73: =(K74-K73)/K73 -> 0.35678477 | P73: =(L74-L73)/L73 -> 0.40985982 | Q73: =(M74-M73)/M73 -> 0.41687642
C74: Test2 | D74: 17.895 | E74: 4.39 | F74: 27.64 | G74: 149.23 | H74: 78.55905 | I74: 494.6178 | J74: 2670.4709 | K74: 71.04315 | L74: 484.2387 | M74: 1205.2282
A75: T32 | B75: O0 | C75: Test1 | D75: 1.047 | E75: 3.56 | F75: 9.47 | G75: 108.68 | H75: 3.72732 | I75: 9.91509 | J75: 113.78796 | K75: 3.28758 | L75: 9.30783 | M75: 32.22666 | N75: =(D76-D75)/D75 -> 0.00095510984 | O75: =(K76-K75)/K75 -> 0.00095510984 | P75: =(L76-L75)/L75 -> 0.0640074 | Q75: =(M76-M75)/M75 -> -0.014979523
C76: Test2 | D76: 1.048 | E76: 3.56 | F76: 10.03 | G76: 108.19 | H76: 3.73088 | I76: 10.51144 | J76: 113.38312 | K76: 3.29072 | L76: 9.9036 | M76: 31.74392
B77: O3 | C77: Test1 | D77: 1.047 | E77: 3.57 | F77: 5.66 | G77: 102.01 | H77: 3.73779 | I77: 5.92602 | J77: 106.80447 | K77: 3.29805 | L77: 5.31876 | M77: 25.24317 | N77: =(D78-D77)/D77 -> 0 | O77: =(K78-K77)/K77 -> -0.0031746032 | P77: =(L78-L77)/L77 -> 0.0019685039 | Q77: =(M78-M77)/M77 -> -0.024056408
C78: Test2 | D78: 1.047 | E78: 3.56 | F78: 5.67 | G78: 101.43 | H78: 3.72732 | I78: 5.93649 | J78: 106.19721 | K78: 3.28758 | L78: 5.32923 | M78: 24.63591
A79: T33 | B79: O0 | C79: Test1 | D79: 1.047 | E79: 3.59 | F79: 12.6 | G79: 127.12 | H79: 3.75873 | I79: 13.1922 | J79: 133.09464 | K79: 3.31899 | L79: 12.58494 | M79: 27.39999 | N79: =(D80-D79)/D79 -> 0 | O79: =(K80-K79)/K79 -> 0 | P79: =(L80-L79)/L79 -> -0.013311148 | Q79: =(M80-M79)/M79 -> -0.014520443
C80: Test2 | D80: 1.047 | E80: 3.59 | F80: 12.44 | G80: 126.73 | H80: 3.75873 | I80: 13.02468 | J80: 132.68631 | K80: 3.31899 | L80: 12.41742 | M80: 27.00213
B81: O3 | C81: Test1 | D81: 1.047 | E81: 3.59 | F81: 9.41 | G81: 122.19 | H81: 3.75873 | I81: 9.85227 | J81: 127.93293 | K81: 3.31899 | L81: 9.24501 | M81: 22.24875 | N81: =(D82-D81)/D81 -> 0 | O81: =(K82-K81)/K81 -> 0.0031545741 | P81: =(L82-L81)/L81 -> -0.0045300113 | Q81: =(M82-M81)/M81 -> 0.068235294
C82: Test2 | D82: 1.047 | E82: 3.6 | F82: 9.37 | G82: 123.64 | H82: 3.7692 | I82: 9.81039 | J82: 129.45108 | K82: 3.32946 | L82: 9.20313 | M82: 23.7669
A83: T36 | B83: O0 | C83: Test1 | D83: 4.189 | E83: 3.48 | F83: 21.95 | G83: 131.9 | H83: 14.57772 | I83: 91.94855 | J83: 552.5291 | K83: 12.81834 | L83: 89.51893 | M83: 193.02912 | N83: =(D84-D83)/D83 -> 0.1248508 | O83: =(K84-K83)/K83 -> 0.11749883 | P83: =(L84-L83)/L83 -> 0.030104359 | Q83: =(M84-M83)/M83 -> 0.041365779
C84: Test2 | D84: 4.712 | E84: 3.46 | F84: 20.15 | G84: 128.49 | H84: 16.30352 | I84: 94.9468 | J84: 605.44488 | K84: 14.32448 | L84: 92.21384 | M84: 201.01392
B85: O3 | C85: Test1 | D85: 0.524 | E85: 3.68 | F85: 6.88 | G85: 103.05 | H85: 1.92832 | I85: 3.60512 | J85: 53.9982 | K85: 1.70824 | L85: 3.3012 | M85: 9.02328 | N85: =(D86-D85)/D85 -> -0.0019083969 | O85: =(K86-K85)/K85 -> -0.0019083969 | P85: =(L86-L85)/L85 -> -0.0066612141 | Q85: =(M86-M85)/M85 -> 0.024753748
C86: Test2 | D86: 0.523 | E86: 3.68 | F86: 6.85 | G86: 103.51 | H86: 1.92464 | I86: 3.58255 | J86: 54.13573 | K86: 1.70498 | L86: 3.27921 | M86: 9.24664
A87: T40 | B87: O0 | C87: Test1 | D87: 11.519 | E87: 3.49 | F87: 25.26 | G87: 141.67 | H87: 40.20131 | I87: 290.96994 | J87: 1631.8967 | K87: 35.36333 | L87: 284.28892 | M87: 695.97798 | N87: =(D88-D87)/D87 -> -0.12987238 | O87: =(K88-K87)/K87 -> -0.13554097 | P87: =(L88-L87)/L87 -> -0.16266082 | Q87: =(M88-M87)/M87 -> -0.18286923
C88: Test2 | D88: 10.023 | E88: 3.47 | F88: 24.33 | G88: 137.98 | H88: 34.77981 | I88: 243.85959 | J88: 1382.9735 | K88: 30.57015 | L88: 238.04625 | M88: 568.70502
B89: O3 | C89: Test1 | D89: 6.215 | E89: 3.48 | F89: 22.44 | G89: 134.12 | H89: 21.6282 | I89: 139.4646 | J89: 833.5558 | K89: 19.0179 | L89: 135.8599 | M89: 328.6492 | N89: =(D90-D89)/D89 -> -0.74625905 | O89: =(K90-K89)/K89 -> -0.74211296 | P89: =(L90-L89)/L89 -> -0.79849301 | Q89: =(M90-M89)/M89 -> -0.80662329
C90: Test2 | D90: 1.577 | E90: 3.53 | F90: 17.94 | G90: 121.54 | H90: 5.56681 | I90: 28.29138 | J90: 191.66858 | K90: 4.90447 | L90: 27.37672 | M90: 63.5531
A91: T44 | B91: O0 | C91: Test1 | D91: 1.047 | E91: 3.58 | F91: 7.18 | G91: 114.08 | H91: 3.74826 | I91: 7.51746 | J91: 119.44176 | K91: 3.30852 | L91: 6.9102 | M91: 23.78784 | N91: =(D92-D91)/D91 -> 0 | O91: =(K92-K91)/K91 -> 0.0063291139 | P91: =(L92-L91)/L91 -> 0.034848485 | Q91: =(M92-M91)/M91 -> -0.022887324
C92: Test2 | D92: 1.047 | E92: 3.6 | F92: 7.41 | G92: 113.56 | H92: 3.7692 | I92: 7.75827 | J92: 118.89732 | K92: 3.32946 | L92: 7.15101 | M92: 23.2434
B93: O3 | C93: Test1 | D93: 0.541 | E93: 3.71 | F93: 6.77 | G93: 112.3 | H93: 2.00711 | I93: 3.66257 | J93: 60.7543 | K93: 1.77989 | L93: 3.34879 | M93: 11.32854 | N93: =(D94-D93)/D93 -> -0.033271719 | O93: =(K94-K93)/K93 -> -0.036210103 | P93: =(L94-L93)/L93 -> -0.0067218309 | Q93: =(M94-M93)/M93 -> -0.048045026
C94: Test2 | D94: 0.523 | E94: 3.7 | F94: 6.94 | G94: 111.98 | H94: 1.9351 | I94: 3.62962 | J94: 58.56554 | K94: 1.71544 | L94: 3.32628 | M94: 10.78426
A95: T49 | B95: O0 | C95: Test1 | D95: 4.712 | E95: 3.47 | F95: 20.06 | G95: 128.91 | H95: 16.35064 | I95: 94.52272 | J95: 607.42392 | K95: 14.3716 | L95: 91.78976 | M95: 230.888 | N95: =(D96-D95)/D95 -> -0.11099321 | O95: =(K96-K95)/K95 -> -0.10807843 | P95: =(L96-L95)/L95 -> -0.11144958 | Q95: =(M96-M95)/M95 -> -0.12895477
C96: Test2 | D96: 4.189 | E96: 3.48 | F96: 20.05 | G96: 127.93 | H96: 14.57772 | I96: 83.98945 | J96: 535.89877 | K96: 12.81834 | L96: 81.55983 | M96: 201.11389
B97: O3 | C97: Test1 | D97: 0.523 | E97: 3.7 | F97: 6.83 | G97: 102.48 | H97: 1.9351 | I97: 3.57209 | J97: 53.59704 | K97: 1.71544 | L97: 3.26875 | M97: 11.79888 | N97: =(D98-D97)/D97 -> 2.0038241 | O97: =(K98-K97)/K97 -> 1.8572961 | P97: =(L98-L97)/L97 -> 4.8250157 | Q97: =(M98-M97)/M97 -> 3.5776362
C98: Test2 | D98: 1.571 | E98: 3.54 | F98: 12.7 | G98: 114.3 | H98: 5.56134 | I98: 19.9517 | J98: 179.5653 | K98: 4.90152 | L98: 19.04052 | M98: 54.01098
A99: T50 | B99: O0 | C99: Test1 | D99: 403.294 | E99: 3.49 | F99: 25.55 | G99: 144.57 | H99: 1407.4961 | I99: 10304.162 | J99: 58304.214 | K99: 1407.4961 | L99: 10070.251 | M99: 23673.358 | N99: =(D100-D99)/D99 -> -0.61395161 | O99: =(K100-K99)/K99 -> -0.61395161 | P99: =(L100-L99)/L99 -> -0.59199772 | Q99: =(M100-M99)/M99 -> -0.5948136
C100: Test2 | D100: 155.691 | E100: 3.49 | F100: 26.97 | G100: 147.47 | H100: 543.36159 | I100: 4198.9863 | J100: 22959.752 | K100: 543.36159 | L100: 4108.6855 | M100: 9592.1225
...

Sheet C Impact of Optimization
A1: Technique | B1: Test | C1: Optimization | D1: Time (s) | E1: Power | H1: Consumption (with baseline) | K1: Consumption (without baseline) | N1: Impact of Optimization (O3-O0)/O0%
E2: HDD (w) | F2: CPU (w) | G2: DUT (w) | H2: HDD (J) | I2: CPU (J) | J2: DUT (J) | K2: HDD (J) | L2: CPU (J) | M2: DUT (J) | N2: Time (s) | O2: HDD (J) | P2: CPU (J) | Q2: DUT (J)
A3: T04 | B3: Test1 | C3: O0 | D3: 4.713 | E3: 3.48 | F3: 22.78 | G3: 132.94 | H3: 16.40124 | I3: 107.36214 | J3: 626.54622 | K3: 14.42178 | L3: 104.6286 | M3: 242.2482 | N3: =(D4-D3)/D3 -> -0.34839805 | O3: =(K4-K3)/K3 -> -0.34200979 | P3: =(L4-L3)/L3 -> -0.43880048 | Q3: =(M4-M3)/M3 -> -0.42826366
C4: O3 | D4: 3.071 | E4: 3.51 | F4: 19.7 | G4: 126.64 | H4: 10.77921 | I4: 60.4987 | J4: 388.91144 | K4: 9.48939 | L4: 58.71752 | M4: 138.5021
B5: Test2 | C5: O0 | D5: 3.665 | E5: 3.5 | F5: 19.79 | G5: 126.47 | H5: 12.8275 | I5: 72.53035 | J5: 463.51255 | K5: 11.2882 | L5: 70.40465 | M5: 164.66845 | N5: =(D6-D5)/D5 -> -0.71405184 | O5: =(K6-K5)/K5 -> -0.70662462 | P5: =(L6-L5)/L5 -> -0.83358145 | Q5: =(M6-M5)/M5 -> -0.80703432
C6: O3 | D6: 1.048 | E6: 3.58 | F6: 11.76 | G6: 111.86 | H6: 3.75184 | I6: 12.32448 | J6: 117.22928 | K6: 3.31168 | L6: 11.71664 | M6: 31.77536
A7: T05 | B7: Test1 | C7: O0 | D7: 409.731 | E7: 3.5 | F7: 26.81 | G7: 147.48 | H7: 1434.0585 | I7: 10984.888 | J7: 60427.128 | K7: 1327.5284 | L7: 10820.996 | M7: 24903.45 | N7: =(D8-D7)/D7 -> -0.94735814 | O7: =(K8-K7)/K7 -> -0.9470332 | P7: =(L8-L7)/L7 -> -0.95343757 | Q7: =(M8-M7)/M7 -> -0.95443422
C8: O3 | D8: 21.569 | E8: 3.52 | F8: 23.76 | G8: 139.3 | H8: 75.92288 | I8: 512.47944 | J8: 3004.5617 | K8: 70.31494 | L8: 503.85184 | M8: 1134.7451
B9: Test2 | C9: O0 | D9: 400.362 | E9: 3.5 | F9: 26.83 | G9: 147.52 | H9: 1401.267 | I9: 10741.712 | J9: 59061.402 | K9: 1297.1729 | L9: 10581.568 | M9: 24354.02 | N9: =(D10-D9)/D9 -> -0.94882132 | O9: =(K10-K9)/K9 -> -0.94882132 | P9: =(L10-L9)/L9 -> -0.94870513 | Q9: =(M10-M9)/M9 -> -0.95036097
C10: O3 | D10: 20.49 | E10: 3.5 | F10: 26.89 | G10: 145.7 | H10: 71.715 | I10: 550.9761 | J10: 2985.393 | K10: 66.3876 | L10: 542.7801 | M10: 1208.91
A11: T07 | B11: Test1 | C11: O0 | D11: 2.094 | E11: 3.55 | F11: 15.94 | G11: 121.5 | H11: 7.4337 | I11: 33.37836 | J11: 254.421 | K11: 6.55422 | L11: 32.16384 | M11: 71.7195 | N11: =(D12-D11)/D11 -> 0 | O11: =(K12-K11)/K11 -> 0 | P11: =(L12-L11)/L11 -> -0.022135417 | Q11: =(M12-M11)/M11 -> -0.045255474
C12: O3 | D12: 2.094 | E12: 3.55 | F12: 15.6 | G12: 119.95 | H12: 7.4337 | I12: 32.6664 | J12: 251.1753 | K12: 6.55422 | L12: 31.45188 | M12: 68.4738
B13: Test2 | C13: O0 | D13: 1.047 | E13: 3.62 | F13: 15.23 | G13: 117.27 | H13: 3.79014 | I13: 15.94581 | J13: 122.78169 | K13: 3.3504 | L13: 15.33855 | M13: 31.43094 | N13: =(D14-D13)/D13 -> 0 | O13: =(K14-K13)/K13 -> 0.003125 | P13: =(L14-L13)/L13 -> -0.033447099 | Q13: =(M14-M13)/M13 -> -0.036309127
C14: O3 | D14: 1.047 | E14: 3.63 | F14: 14.74 | G14: 116.19 | H14: 3.80061 | I14: 15.43278 | J14: 121.65093 | K14: 3.36087 | L14: 14.82552 | M14: 30.28971
A15: T08 | B15: Test1 | C15: O0 | D15: 4.747 | E15: 3.52 | F15: 26.91 | G15: 142.41 | H15: 16.70944 | I15: 127.74177 | J15: 676.02027 | K15: 14.7157 | L15: 124.98851 | M15: 261.13247 | N15: =(D16-D15)/D15 -> 3.7550032 | O15: =(K16-K15)/K15 -> 3.7396644 | P15: =(L16-L15)/L15 -> 3.2023898 | Q15: =(M16-M15)/M15 -> 3.5233469
C16: O3 | D16: 22.572 | E16: 3.51 | F16: 23.85 | G16: 139.73 | H16: 79.22772 | I16: 538.3422 | J16: 3153.9856 | K16: 69.74748 | L16: 525.25044 | M16: 1181.1928
B17: Test2 | C17: O0 | D17: 6.887 | E17: 3.55 | F17: 27.61 | G17: 145.59 | H17: 24.44885 | I17: 190.15007 | J17: 1002.6783 | K17: 21.55631 | L17: 186.15561 | M17: 400.75453 | N17: =(D18-D17)/D17 -> 0.010309278 | O17: =(K18-K17)/K17 -> 0.003853628 | P17: =(L18-L17)/L17 -> 0.023017571 | Q17: =(M18-M17)/M17 -> 0.021768363
C18: O3 | D18: 6.958 | E18: 3.53 | F18: 27.95 | G18: 146.25 | H18: 24.56174 | I18: 194.4761 | J18: 1017.6075 | K18: 21.63938 | L18: 190.44046 | M18: 409.4783
A19: T09 | B19: Test1 | C19: O0 | D19: 0.541 | E19: 3.72 | F19: 8.06 | G19: 119.19 | H19: 2.01252 | I19: 4.36046 | J19: 64.48179 | K19: 1.7853 | L19: 4.04668 | M19: 11.47461 | N19: =(D20-D19)/D19 -> -0.03142329 | O19: =(K20-K19)/K19 -> -0.028488209 | P19: =(L20-L19)/L19 -> -0.068975061 | Q19: =(M20-M19)/M19 -> -0.079829293
C20: O3 | D20: 0.524 | E20: 3.73 | F20: 7.77 | G20: 118.13 | H20: 1.95452 | I20: 4.07148 | J20: 61.90012 | K20: 1.73444 | L20: 3.76756 | M20: 10.5586
B21: Test2 | C21: O0 | D21: 0.523 | E21: 3.73 | F21: 7.09 | G21: 117.7 | H21: 1.95079 | I21: 3.70807 | J21: 61.5571 | K21: 1.73113 | L21: 3.40473 | M21: 10.31879 | N21: =(D22-D21)/D21 -> 0 | O21: =(K22-K21)/K21 -> -0.003021148 | P21: =(L22-L21)/L21 -> 0.10599078 | Q21: =(M22-M21)/M21 -> 0.031931069
C22: O3 | D22: 0.523 | E22: 3.72 | F22: 7.78 | G22: 118.33 | H22: 1.94556 | I22: 4.06894 | J22: 61.88659 | K22: 1.7259 | L22: 3.7656 | M22: 10.64828
A23: T10 | B23: Test1 | C23: O0 | D23: 81.871 | E23: 3.51 | F23: 28.92 | G23: 151.17 | H23: 287.36721 | I23: 2367.7093 | J23: 12376.439 | K23: 252.98139 | L23: 2320.2241 | M23: 5473.8951 | N23: =(D24-D23)/D23 -> -0.0037253728 | O23: =(K24-K23)/K23 -> -0.00050118311 | P23: =(L24-L23)/L23 -> -0.0051315473 | Q23: =(M24-M23)/M23 -> 0.012963643
C24: O3 | D24: 81.566 | E24: 3.52 | F24: 28.88 | G24: 152.29 | H24: 287.11232 | I24: 2355.6261 | J24: 12421.686 | K24: 252.8546 | L24: 2308.3178 | M24: 5544.8567
B25: Test2 | C25: O0 | D25: 1.052 | E25: 3.63 | F25: 8.19 | G25: 107.31 | H25: 3.81876 | I25: 8.61588 | J25: 112.89012 | K25: 3.37692 | L25: 8.00572 | M25: 24.196 | N25: =(D26-D25)/D25 -> -0.5 | O25: =(K26-K25)/K25 -> -0.48598131 | P25: =(L26-L25)/L25 -> -0.58541393 | Q25: =(M26-M25)/M25 -> -0.56586957
C26: O3 | D26: 0.526 | E26: 3.72 | F26: 6.89 | G26: 104.28 | H26: 1.95672 | I26: 3.62414 | J26: 54.85128 | K26: 1.7358 | L26: 3.31906 | M26: 10.50422
A27: T11 | B27: Test1 | C27: O0 | D27: 2.095 | E27: 3.54 | F27: 17.14 | G27: 123.05 | H27: 7.4163 | I27: 35.9083 | J27: 257.78975 | K27: 6.5364 | L27: 34.6932 | M27: 79.8614 | N27: =(D28-D27)/D27 -> -0.50023866 | O27: =(K28-K27)/K27 -> -0.48902607 | P27: =(L28-L27)/L27 -> -0.62940403 | Q27: =(M28-M27)/M27 -> -0.61482193
C28: O3 | D28: 1.047 | E28: 3.61 | F28: 12.86 | G28: 114.3 | H28: 3.77967 | I28: 13.46442 | J28: 119.6721 | K28: 3.33993 | L28: 12.85716 | M28: 30.76086
B29: Test2 | C29: O0 | D29: 2.094 | E29: 3.53 | F29: 17.57 | G29: 123 | H29: 7.39182 | I29: 36.79158 | J29: 257.562 | K29: 6.51234 | L29: 35.57706 | M29: 79.73952 | N29: =(D30-D29)/D29 -> -0.5 | O29: =(K30-K29)/K29 -> -0.48713826 | P29: =(L30-L29)/L29 -> -0.72866392 | Q29: =(M30-M29)/M29 -> -0.69432773
C30: O3 | D30: 1.047 | E30: 3.61 | F30: 9.8 | G30: 108.2 | H30: 3.77967 | I30: 10.2606 | J30: 113.2854 | K30: 3.33993 | L30: 9.65334 | M30: 24.37416
A31: T12 | B31: Test1 | C31: O0 | D31: 1.047 | E31: 3.59 | F31: 13.32 | G31: 114.16 | H31: 3.75873 | I31: 13.94604 | J31: 119.52552 | K31: 3.31899 | L31: 13.33878 | M31: 27.38952 | N31: =(D32-D31)/D31 -> 0 | O31: =(K32-K31)/K31 -> 0.0063091483 | P31: =(L32-L31)/L31 -> -0.16405024 | Q31: =(M32-M31)/M31 -> -0.07912844
C32: O3 | D32: 1.047 | E32: 3.61 | F32: 11.23 | G32: 112.08 | H32: 3.77967 | I32: 11.75781 | J32: 117.34776 | K32: 3.33993 | L32: 11.15055 | M32: 25.22223
B33: Test2 | C33: O0 | D33: 1.047 | E33: 3.6 | F33: 9.69 | G33: 110.47 | H33: 3.7692 | I33: 10.14543 | J33: 115.66209 | K33: 3.32946 | L33: 9.53817 | M33: 23.52609 | N33: =(D34-D33)/D33 -> -0.41642789 | O33: =(K34-K33)/K33 -> -0.3944063 | P33: =(L34-L33)/L33 -> -0.54390412 | Q33: =(M34-M33)/M33 -> -0.53277872
C34: O3 | D34: 0.611 | E34: 3.72 | F34: 7.7 | G34: 105.98 | H34: 2.27292 | I34: 4.7047 | J34: 64.75378 | K34: 2.0163 | L34: 4.35032 | M34: 10.99189
A35: T13 | B35: Test1 | C35: O0 | D35: 8.378 | E35: 3.49 | F35: 24.17 | G35: 139.42 | H35: 29.23922 | I35: 202.49626 | J35: 1168.0608 | K35: 25.72046 | L35: 197.63702 | M35: 455.00918 | N35: =(D36-D35)/D35 -> -0.25005968 | O35: =(K36-K35)/K35 -> -0.25005968 | P35: =(L36-L35)/L35 -> -0.282804 | Q35: =(M36-M35)/M35 -> -0.28112883
C36: O3 | D36: 6.283 | E36: 3.49 | F36: 23.14 | G36: 137.16 | H36: 21.92767 | I36: 145.38862 | J36: 861.77628 | K36: 19.28881 | L36: 141.74448 | M36: 327.09298
B37: Test2 | C37: O0 | D37: 8.474 | E37: 3.48 | F37: 24.25 | G37: 138.47 | H37: 29.48952 | I37: 205.4945 | J37: 1173.3948 | K37: 25.93044 | L37: 200.57958 | M37: 452.17264 | N37: =(D38-D37)/D37 -> -0.25560538 | O37: =(K38-K37)/K37 -> -0.25560538 | P37: =(L38-L37)/L37 -> -0.34208976 | Q37: =(M38-M37)/M37 -> -0.33791288
C38: O3 | D38: 6.308 | E38: 3.48 | F38: 21.5 | G38: 132.57 | H38: 21.95184 | I38: 135.622 | J38: 836.25156 | K38: 19.30248 | L38: 131.96336 | M38: 299.37768
A39: T16 | B39: Test1 | C39: O0 | D39: 1.047 | E39: 3.57 | F39: 10.62 | G39: 112.06 | H39: 3.73779 | I39: 11.11914 | J39: 117.32682 | K39: 3.29805 | L39: 10.51188 | M39: 24.26946 | N39: =(D40-D39)/D39 -> 0 | O39: =(K40-K39)/K39 -> 0.0095238095 | P39: =(L40-L39)/L39 -> 0.00099601594 | Q39: =(M40-M39)/M39 -> -0.029335634
C40: O3 | D40: 1.047 | E40: 3.6 | F40: 10.63 | G40: 111.38 | H40: 3.7692 | I40: 11.12961 | J40: 116.61486 | K40: 3.32946 | L40: 10.52235 | M40: 23.5575
B41: Test2 | C41: O0 | D41: 1.047 | E41: 3.59 | F41: 9.9 | G41: 110.14 | H41: 3.75873 | I41: 10.3653 | J41: 115.31658 | K41: 3.31899 | L41: 9.75804 | M41: 22.25922 | N41: =(D42-D41)/D41 -> 0 | O41: =(K42-K41)/K41 -> 0.0031545741 | P41: =(L42-L41)/L41 -> -0.02360515 | Q41: =(M42-M41)/M41 -> -0.017403575
C42: O3 | D42: 1.047 | E42: 3.6 | F42: 9.68 | G42: 109.77 | H42: 3.7692 | I42: 10.13496 | J42: 114.92919 | K42: 3.32946 | L42: 9.5277 | M42: 21.87183
A43: T17 | B43: Test1 | C43: O0 | D43: 1.047 | E43: 3.59 | F43: 10.53 | G43: 111.09 | H43: 3.75873 | I43: 11.02491 | J43: 116.31123 | K43: 3.31899 | L43: 10.41765 | M43: 24.48933 | N43: =(D44-D43)/D43 -> 0 | O43: =(K44-K43)/K43 -> 0.0063091483 | P43: =(L44-L43)/L43 -> -0.032160804 | Q43: =(M44-M43)/M43 -> -0.024796922
C44: O3 | D44: 1.047 | E44: 3.61 | F44: 10.21 | G44: 110.51 | H44: 3.77967 | I44: 10.68987 | J44: 115.70397 | K44: 3.33993 | L44: 10.08261 | M44: 23.88207
B45: Test2 | C45: O0 | D45: 1.047 | E45: 3.59 | F45: 9.83 | G45: 110.66 | H45: 3.75873 | I45: 10.29201 | J45: 115.86102 | K45: 3.31899 | L45: 9.68475 | M45: 24.03912 | N45: =(D46-D45)/D45 -> 0 | O45: =(K46-K45)/K45 -> 0.0031545741 | P45: =(L46-L45)/L45 -> -0.024864865 | Q45: =(M46-M45)/M45 -> -0.013501742
C46: O3 | D46: 1.047 | E46: 3.6 | F46: 9.6 | G46: 110.35 | H46: 3.7692 | I46: 10.0512 | J46: 115.53645 | K46: 3.32946 | L46: 9.44394 | M46: 23.71455
A47: T19 | B47: Test1 | C47: O0 | D47: 12.95 | E47: 3.45 | F47: 23.3 | G47: 137.33 | H47: 44.6775 | I47: 301.735 | J47: 1778.4235 | K47: 39.2385 | L47: 294.224 | M47: 661.6155 | N47: =(D48-D47)/D47 -> -0.87876448 | O47: =(K48-K47)/K47 -> -0.87596366 | P47: =(L48-L47)/L47 -> -0.91979886 | Q47: =(M48-M47)/M47 -> -0.92245103
C48: O3 | D48: 1.57 | E48: 3.52 | F48: 15.61 | G48: 118.92 | H48: 5.5264 | I48: 24.5077 | J48: 186.7044 | K48: 4.867 | L48: 23.5971 | M48: 51.3076
B49: Test2 | C49: O0 | D49: 12.733 | E49: 3.46 | F49: 24.3 | G49: 139.8 | H49: 44.05618 | I49: 309.4119 | J49: 1780.0734 | K49: 38.70832 | L49: 302.02676 | M49: 681.97948 | N49: =(D50-D49)/D49 -> -0.87614859 | O49: =(K50-K49)/K49 -> -0.87288934 | P49: =(L50-L49)/L49 -> -0.91123634 | Q49: =(M50-M49)/M49 -> -0.91499668
C50: O3 | D50: 1.577 | E50: 3.54 | F50: 17.58 | G50: 123 | H50: 5.58258 | I50: 27.72366 | J50: 193.971 | K50: 4.92024 | L50: 26.809 | M50: 57.97052
A51: T20 | B51: Test1 | C51: O0 | D51: 8.901 | E51: 3.52 | F51: 22.77 | G51: 147.15 | H51: 31.33152 | I51: 202.67577 | J51: 1309.7822 | K51: 27.5931 | L51: 197.51319 | M51: 423.06453 | N51: =(D52-D51)/D51 -> -0.87641838 | O51: =(K52-K51)/K51 -> -0.87203323 | P51: =(L52-L51)/L51 -> -0.92715423 | Q51: =(M52-M51)/M51 -> -0.93029196
C52: O3 | D52: 1.1 | E52: 3.63 | F52: 13.66 | G52: 126.43 | H52: 3.993 | I52: 15.026 | J52: 139.073 | K52: 3.531 | L52: 14.388 | M52: 29.491
B53: Test2 | C53: O0 | D53: 3.142 | E53: 3.52 | F53: 22.17 | G53: 143.8 | H53: 11.05984 | I53: 69.65814 | J53: 451.8196 | K53: 9.7402 | L53: 67.83578 | M53: 138.84498 | N53: =(D54-D53)/D53 -> -0.49840866 | O53: =(K54-K53)/K53 -> -0.48870044 | P53: =(L54-L53)/L53 -> -0.69565324 | Q53: =(M54-M53)/M53 -> -0.68172389
C54: O3 | D54: 1.576 | E54: 3.58 | F54: 13.68 | G54: 127.65 | H54: 5.64208 | I54: 21.55968 | J54: 201.1764 | K54: 4.98016 | L54: 20.6456 | M54: 44.19104
A55: T25 | B55: Test1 | C55: O0 | D55: 18.85 | E55: 3.45 | F55: 23.08 | G55: 136.18 | H55: 65.0325 | I55: 435.058 | J55: 2566.993 | K55: 57.1155 | L55: 424.125 | M55: 1018.0885 | N55: =(D56-D55)/D55 -> -0.74912467 | O55: =(K56-K55)/K55 -> -0.74995264 | P55: =(L56-L55)/L55 -> -0.7753272 | Q55: =(M56-M55)/M55 -> -0.78108213
C56: O3 | D56: 4.729 | E56: 3.44 | F56: 20.73 | G56: 129.3 | H56: 16.26776 | I56: 98.03217 | J56: 611.4597 | K56: 14.28158 | L56: 95.28935 | M56: 222.87777
B57: Test2 | C57: O0 | D57: 15.737 | E57: 3.46 | F57: 22.7 | G57: 135.36 | H57: 54.45002 | I57: 357.2299 | J57: 2130.1603 | K57: 47.84048 | L57: 348.10244 | M57: 837.05103 | N57: =(D58-D57)/D57 -> -0.7660291 | O57: =(K58-K57)/K57 -> -0.76372018 | P57: =(L58-L57)/L57 -> -0.78929926 | Q57: =(M58-M57)/M57 -> -0.79787624
C58: O3 | D58: 3.682 | E58: 3.49 | F58: 20.5 | G58: 128.12 | H58: 12.85018 | I58: 75.481 | J58: 471.73784 | K58: 11.30374 | L58: 73.34544 | M58: 169.1879
A59: T26 | B59: Test1 | C59: O0 | D59: 18.325 | E59: 3.46 | F59: 23.88 | G59: 139.07 | H59: 63.4045 | I59: 437.601 | J59: 2548.4578 | K59: 55.708 | L59: 426.9725 | M59: 918.449 | N59: =(D60-D59)/D59 -> -0.71328786 | O59: =(K60-K59)/K59 -> -0.71423099 | P59: =(L60-L59)/L59 -> -0.725347 | Q59: =(M60-M59)/M59 -> -0.74177602
C60: O3 | D60: 5.254 | E60: 3.45 | F60: 22.9 | G60: 134.09 | H60: 18.1263 | I60: 120.3166 | J60: 704.50886 | K60: 15.91962 | L60: 117.26928 | M60: 237.16556
B61: Test2 | C61: O0 | D61: 18.927 | E61: 3.45 | F61: 23.19 | G61: 136.92 | H61: 65.29815 | I61: 438.91713 | J61: 2591.4848 | K61: 57.34881 | L61: 427.93947 | M61: 907.73892 | N61: =(D62-D61)/D61 -> -0.94256882 | O61: =(K62-K61)/K61 -> -0.94048386 | P61: =(L62-L61)/L61 -> -0.96890943 | Q61: =(M62-M61)/M61 -> -0.97141613
C62: O3 | D62: 1.087 | E62: 3.56 | F62: 12.82 | G62: 112.82 | H62: 3.86972 | I62: 13.93534 | J62: 122.63534 | K62: 3.41318 | L62: 13.30488 | M62: 25.94669
A63: T28 | B63: Test1 | C63: O0 | D63: 9.948 | E63: 3.45 | F63: 24.33 | G63: 137.76 | H63: 34.3206 | I63: 242.03484 | J63: 1370.4365 | K63: 30.14244 | L63: 236.265 | M63: 531.42216 | N63: =(D64-D63)/D63 -> -0.72808605 | O63: =(K64-K63)/K63 -> -0.72539383 | P63: =(L64-L63)/L63 -> -0.76998942 | Q63: =(M64-M63)/M63 -> -0.78056513
C64: O3 | D64: 2.705 | E64: 3.48 | F64: 20.67 | G64: 127.46 | H64: 9.4134 | I64: 55.91235 | J64: 344.7793 | K64: 8.2773 | L64: 54.34345 | M64: 116.61255
B65: Test2 | C65: O0 | D65: 13.655 | E65: 3.45 | F65: 24.32 | G65: 139.06 | H65: 47.10975 | I65: 332.0896 | J65: 1898.8643 | K65: 41.37465 | L65: 324.1697 | M65: 747.06505 | N65: =(D66-D65)/D65 -> -0.76909557 | O65: =(K66-K65)/K65 -> -0.76757145 | P65: =(L66-L65)/L65 -> -0.81237799 | Q65: =(M66-M65)/M65 -> -0.82062807
C66: O3 | D66: 3.153 | E66: 3.47 | F66: 19.87 | G66: 126.85 | H66: 10.94091 | I66: 62.65011 | J66: 399.95805 | K66: 9.61665 | L66: 60.82137 | M66: 134.0025
A67: T29 | B67: Test1 | C67: O0 | D67: 1.047 | E67: 3.61 | F67: 6.87 | G67: 115.63 | H67: 3.77967 | I67: 7.19289 | J67: 121.06461 | K67: 3.33993 | L67: 6.58563 | M67: 20.89812 | N67: =(D68-D67)/D67 -> -0.49952245 | O67: =(K68-K67)/K67 -> -0.4806957 | P67: =(L68-L67)/L67 -> -0.49872677 | Q67: =(M68-M67)/M67 -> -0.51205946
C68: O3 | D68: 0.524 | E68: 3.73 | F68: 6.88 | G68: 115.12 | H68: 1.95452 | I68: 3.60512 | J68: 60.32288 | K68: 1.73444 | L68: 3.3012 | M68: 10.19704
B69: Test2 | C69: O0 | D69: 1.047 | E69: 3.61 | F69: 6.8 | G69: 115.87 | H69: 3.77967 | I69: 7.1196 | J69: 121.31589 | K69: 3.33993 | L69: 6.51234 | M69: 21.15987 | N69: =(D70-D69)/D69 -> -0.50047755 | O69: =(K70-K69)/K69 -> -0.48012084 | P69: =(L70-L69)/L69 -> -0.49003738 | Q69: =(M70-M69)/M69 -> -0.51506035
C70: O3 | D70: 0.523 | E70: 3.74 | F70: 6.93 | G70: 115.29 | H70: 1.95602 | I70: 3.62439 | J70: 60.29667 | K70: 1.73636 | L70: 3.32105 | M70: 10.26126
A71: T31 | B71: Test1 | C71: O0 | D71: 16.18 | E71: 4.29 | F71: 27.43 | G71: 147.84 | H71: 69.4122 | I71: 443.8174 | J71: 2392.0512 | K71: 62.6166 | L71: 434.433 | M71: 1067.2328 | N71: =(D72-D71)/D71 -> -0.22948084 | O71: =(K72-K71)/K71 -> -0.16377766 | P71: =(L72-L71)/L71 -> -0.20939282 | Q71: =(M72-M71)/M71 -> -0.20296358
C72: O3 | D72: 12.467 | E72: 4.62 | F72: 28.13 | G72: 150.11 | H72: 57.59754 | I72: 350.69671 | J72: 1871.4214 | K72: 52.3614 | L72: 343.46585 | M72: 850.62341
B73: Test2 | C73: O0 | D73: 23.395 | E73: 4.13 | F73: 28.21 | G73: 149.92 | H73: 96.62135 | I73: 659.97295 | J73: 3507.3784 | K73: 86.79545 | L73: 646.40385 | M73: 1591.7958 | N73: =(D74-D73)/D73 -> -0.23509297 | O73: =(K74-K73)/K73 -> -0.18148762 | P73: =(L74-L73)/L73 -> -0.25087281 | Q73: =(M74-M73)/M73 -> -0.24284996
C74: O3 | D74: 17.895 | E74: 4.39 | F74: 27.64 | G74: 149.23 | H74: 78.55905 | I74: 494.6178 | J74: 2670.4709 | K74: 71.04315 | L74: 484.2387 | M74: 1205.2282
A75: T32 | B75: Test1 | C75: O0 | D75: 1.047 | E75: 3.56 | F75: 9.47 | G75: 108.68 | H75: 3.72732 | I75: 9.91509 | J75: 113.78796 | K75: 3.28758 | L75: 9.30783 | M75: 32.22666 | N75: =(D76-D75)/D75 -> 0 | O75: =(K76-K75)/K75 -> 0.0031847134 | P75: =(L76-L75)/L75 -> -0.42857143 | Q75: =(M76-M75)/M75 -> -0.21669916
C76: O3 | D76: 1.047 | E76: 3.57 | F76: 5.66 | G76: 102.01 | H76: 3.73779 | I76: 5.92602 | J76: 106.80447 | K76: 3.29805 | L76: 5.31876 | M76: 25.24317
B77: Test2 | C77: O0 | D77: 1.048 | E77: 3.56 | F77: 10.03 | G77: 108.19 | H77: 3.73088 | I77: 10.51144 | J77: 113.38312 | K77: 3.29072 | L77: 9.9036 | M77: 31.74392 | N77: =(D78-D77)/D77 -> -0.00095419847 | O77: =(K78-K77)/K77 -> -0.00095419847 | P77: =(L78-L77)/L77 -> -0.46188962 | Q77: =(M78-M77)/M77 -> -0.22391721
C78: O3 | D78: 1.047 | E78: 3.56 | F78: 5.67 | G78: 101.43 | H78: 3.72732 | I78: 5.93649 | J78: 106.19721 | K78: 3.28758 | L78: 5.32923 | M78: 24.63591
A79: T33 | B79: Test1 | C79: O0 | D79: 1.047 | E79: 3.59 | F79: 12.6 | G79: 127.12 | H79: 3.75873 | I79: 13.1922 | J79: 133.09464 | K79: 3.31899 | L79: 12.58494 | M79: 27.39999 | N79: =(D80-D79)/D79 -> 0 | O79: =(K80-K79)/K79 -> 0 | P79: =(L80-L79)/L79 -> -0.26539101 | Q79: =(M80-M79)/M79 -> -0.18800153
C80: O3 | D80: 1.047 | E80: 3.59 | F80: 9.41 | G80: 122.19 | H80: 3.75873 | I80: 9.85227 | J80: 127.93293 | K80: 3.31899 | L80: 9.24501 | M80: 22.24875
B81: Test2 | C81: O0 | D81: 1.047 | E81: 3.59 | F81: 12.44 | G81: 126.73 | H81: 3.75873 | I81: 13.02468 | J81: 132.68631 | K81: 3.31899 | L81: 12.41742 | M81: 27.00213 | N81: =(D82-D81)/D81 -> 0 | O81: =(K82-K81)/K81 -> 0.0031545741 | P81: =(L82-L81)/L81 -> -0.25885329 | Q81: =(M82-M81)/M81 -> -0.11981388
C82: O3 | D82: 1.047 | E82: 3.6 | F82: 9.37 | G82: 123.64 | H82: 3.7692 | I82: 9.81039 | J82: 129.45108 | K82: 3.32946 | L82: 9.20313 | M82: 23.7669
A83: T36 | B83: Test1 | C83: O0 | D83: 4.189 | E83: 3.48 | F83: 21.95 | G83: 131.9 | H83: 14.57772 | I83: 91.94855 | J83: 552.5291 | K83: 12.81834 | L83: 89.51893 | M83: 193.02912 | N83: =(D84-D83)/D83 -> -0.87491048 | O83: =(K84-K83)/K83 -> -0.86673469 | P83: =(L84-L83)/L83 -> -0.96312288 | Q83: =(M84-M83)/M83 -> -0.95325431
C84: O3 | D84: 0.524 | E84: 3.68 | F84: 6.88 | G84: 103.05 | H84: 1.92832 | I84: 3.60512 | J84: 53.9982 | K84: 1.70824 | L84: 3.3012 | M84: 9.02328
B85: Test2 | C85: O0 | D85: 4.712 | E85: 3.46 | F85: 20.15 | G85: 128.49 | H85: 16.30352 | I85: 94.9468 | J85: 605.44488 | K85: 14.32448 | L85: 92.21384 | M85: 201.01392 | N85: =(D86-D85)/D85 -> -0.88900679 | O85: =(K86-K85)/K85 -> -0.88097439 | P85: =(L86-L85)/L85 -> -0.96443907 | Q85: =(M86-M85)/M85 -> -0.954
C86: O3 | D86: 0.523 | E86: 3.68 | F86: 6.85 | G86: 103.51 | H86: 1.92464 | I86: 3.58255 | J86: 54.13573 | K86: 1.70498 | L86: 3.27921 | M86: 9.24664
A87: T40 | B87: Test1 | C87: O0 | D87: 11.519 | E87: 3.49 | F87: 25.26 | G87: 141.67 | H87: 40.20131 | I87: 290.96994 | J87: 1631.8967 | K87: 35.36333 | L87: 284.28892 | M87: 695.97798 | N87: =(D88-D87)/D87 -> -0.46045664 | O87: =(K88-K87)/K87 -> -0.46221411 | P87: =(L88-L87)/L87 -> -0.52210624 | Q87: =(M88-M87)/M87 -> -0.52778793
C88: O3 | D88: 6.215 | E88: 3.48 | F88: 22.44 | G88: 134.12 | H88: 21.6282 | I88: 139.4646 | J88: 833.5558 | K88: 19.0179 | L88: 135.8599 | M88: 328.6492
B89: Test2 | C89: O0 | D89: 10.023 | E89: 3.47 | F89: 24.33 | G89: 137.98 | H89: 34.77981 | I89: 243.85959 | J89: 1382.9735 | K89: 30.57015 | L89: 238.04625 | M89: 568.70502 | N89: =(D90-D89)/D89 -> -0.84266188 | O89: =(K90-K89)/K89 -> -0.8395667 | P89: =(L90-L89)/L89 -> -0.88499411 | Q89: =(M90-M89)/M89 -> -0.88824945
C90: O3 | D90: 1.577 | E90: 3.53 | F90: 17.94 | G90: 121.54 | H90: 5.56681 | I90: 28.29138 | J90: 191.66858 | K90: 4.90447 | L90: 27.37672 | M90: 63.5531
A91: T44 | B91: Test1 | C91: O0 | D91: 1.047 | E91: 3.58 | F91: 7.18 | G91: 114.08 | H91: 3.74826 | I91: 7.51746 | J91: 119.44176 | K91: 3.30852 | L91: 6.9102 | M91: 23.78784 | N91: =(D92-D91)/D91 -> -0.48328558 | O91: =(K92-K91)/K91 -> -0.46202834 | P91: =(L92-L91)/L91 -> -0.5153845 | Q91: =(M92-M91)/M91 -> -0.52376761
C92: O3 | D92: 0.541 | E92: 3.71 | F92: 6.77 | G92: 112.3 | H92: 2.00711 | I92: 3.66257 | J92: 60.7543 | K92: 1.77989 | L92: 3.34879 | M92: 11.32854
B93: Test2 | C93: O0 | D93: 1.047 | E93: 3.6 | F93: 7.41 | G93: 113.56 | H93: 3.7692 | I93: 7.75827 | J93: 118.89732 | K93: 3.32946 | L93: 7.15101 | M93: 23.2434 | N93: =(D94-D93)/D93 -> -0.50047755 | O93: =(K94-K93)/K93 -> -0.4847693 | P93: =(L94-L93)/L93 -> -0.53485172 | Q93: =(M94-M93)/M93 -> -0.53602915
C94: O3 | D94: 0.523 | E94: 3.7 | F94: 6.94 | G94: 111.98 | H94: 1.9351 | I94: 3.62962 | J94: 58.56554 | K94: 1.71544 | L94: 3.32628 | M94: 10.78426
A95: T49 | B95: Test1 | C95: O0 | D95: 4.712 | E95: 3.47 | F95: 20.06 | G95: 128.91 | H95: 16.35064 | I95: 94.52272 | J95: 607.42392 | K95: 14.3716 | L95: 91.78976 | M95: 230.888 | N95: =(D96-D95)/D95 -> -0.88900679 | O95: =(K96-K95)/K95 -> -0.88063681 | P95: =(L96-L95)/L95 -> -0.96438873 | Q95: =(M96-M95)/M95 -> -0.94889782
C96: O3 | D96: 0.523 | E96: 3.7 | F96: 6.83 | G96: 102.48 | H96: 1.9351 | I96: 3.57209 | J96: 53.59704 | K96: 1.71544 | L96: 3.26875 | M96: 11.79888
B97: Test2 | C97: O0 | D97: 4.189 | E97: 3.48 | F97: 20.05 | G97: 127.93 | H97: 14.57772 | I97: 83.98945 | J97: 535.89877 | K97: 12.81834 | L97: 81.55983 | M97: 201.11389 | N97: =(D98-D97)/D97 -> -0.62497016 | O97: =(K98-K97)/K97 -> -0.61761663 | P97: =(L98-L97)/L97 -> -0.76654537 | Q97: =(M98-M97)/M97 -> -0.73144083
C98: O3 | D98: 1.571 | E98: 3.54 | F98: 12.7 | G98: 114.3 | H98: 5.56134 | I98: 19.9517 | J98: 179.5653 | K98: 4.90152 | L98: 19.04052 | M98: 54.01098
A99: T50 | B99: Test1 | C99: O0 | D99: 403.294 | E99: 3.49 | F99: 25.55 | G99: 144.57 | H99: 1407.4961 | I99: 10304.162 | J99: 58304.214 | K99: 1407.4961 | L99: 10070.251 | M99: 23673.358 | N99: =(D100-D99)/D99 -> -0.95826122 | O99: =(K100-K99)/K99 -> -0.95814162 | P99: =(L100-L99)/L99 -> -0.95929758 | Q99: =(M100-M99)/M99 -> -0.95999619
C100: O3 | D100: 16.833 | E100: 3.5 | F100: 24.93 | G100: 142.12 | H100: 58.9155 | I100: 419.64669 | J100: 2392.306 | K100: 58.9155 | L100: 409.88355 | M100: 947.02458
...

Sheet C Technique results
C2: Optimization level O0 | N2: Optimization level O3
C3: Time (s) | H3: Energy consumption (J) | N3: Time (s) | S3: Energy consumption (J) | Z3: Energy consumption (J) | AC3: Energy consumption (J)
B4: Technique | C4: Optimization level O0 | D4: Optimization level O3 | E4: Impact (%) | F4: p-value | G4: Effect size | H4: Optimization level O0 | I4: Optimization level O3 | J4: Impact (%) | K4: p-value | L4: Effect size | M4: Technique | N4: Optimization level O0 | O4: Optimization level O3 | P4: Impact (%) | Q4: p-value | R4: Effect size | S4: Optimization level O0 | T4: Optimization level O3 | U4: Impact (%) | V4: p-value | W4: Effect size | X4: Average impact (%) | Z4: Optimization level O0 | AC4: Optimization level O3
B5: T4 | C5: {=INDIRECT("'C Impact of Technique'!D" & 3 + (ROW(A1)-1)*4)} -> 4.713 | D5: {=INDIRECT("'C Impact of Technique'!D" & 4 + (ROW(A1)-1)*4)} -> 3.665 | E5: {=INDIRECT("'C Impact of Technique'!N" & 3 + (ROW(A1)-1)*4)*100} -> -22.236367 | F5: 2.8719491e-11 | G5: large | H5: {=INDIRECT("'C Impact of Technique'!M" & 3 + (ROW(A1)-1)*4)} -> 242.2482 | I5: {=INDIRECT("'C Impact of Technique'!M" & 4 + (ROW(A1)-1)*4)} -> 164.66845 | J5: {=INDIRECT("'C Impact of Technique'!Q" & 3 + (ROW(A1)-1)*4)*100} -> -32.024903 | K5: 2.8719491e-11 | L5: large | M5: T4 | N5: {=INDIRECT("'C Impact of Technique'!D" & 5 + (ROW(A1)-1)*4)} -> 3.071 | O5: {=INDIRECT("'C Impact of Technique'!D" & 6 + (ROW(A1)-1)*4)} -> 1.048 | P5: {=INDIRECT("'C Impact of Technique'!N" & 5 + (ROW(A1)-1)*4)*100} -> -65.874308 | Q5: 2.8719491e-11 | R5: large | S5: {=INDIRECT("'C Impact of Technique'!M" & 5 + (ROW(A1)-1)*4)} -> 138.5021 | T5: {=INDIRECT("'C Impact of Technique'!M" & 6 + (ROW(A1)-1)*4)} -> 31.77536 | U5: {=INDIRECT("'C Impact of Technique'!Q" & 5 + (ROW(A1)-1)*4)*100} -> -77.05785 | V5: 2.8719491e-11 | W5: large | X5: =AVERAGE(J5,U5) -> -54.541376 | Z5: Impact | AA5: Techniques | AC5: Impact | AD5: Techniques
B6: T5 | C6: {=INDIRECT("'C Impact of Technique'!D" & 3 + (ROW(A2)-1)*4)} -> 409.731 | D6: {=INDIRECT("'C Impact of Technique'!D" & 4 + (ROW(A2)-1)*4)} -> 400.362 | E6: {=INDIRECT("'C Impact of Technique'!N" & 3 + (ROW(A2)-1)*4)*100} -> -2.2866222 | F6: 2.487874e-10 | G6: large | H6: {=INDIRECT("'C Impact of Technique'!M" & 3 + (ROW(A2)-1)*4)} -> 24903.45 | I6: {=INDIRECT("'C Impact of Technique'!M" & 4 + (ROW(A2)-1)*4)} -> 24354.02 | J6: {=INDIRECT("'C Impact of Technique'!Q" & 3 + (ROW(A2)-1)*4)*100} -> -2.2062394 | K6: 9.84531e-06 | L6: large | M6: T5 | N6: {=INDIRECT("'C Impact of Technique'!D" & 5 + (ROW(A2)-1)*4)} -> 21.569 | O6: {=INDIRECT("'C Impact of Technique'!D" & 6 + (ROW(A2)-1)*4)} -> 20.49 | P6: {=INDIRECT("'C Impact of Technique'!N" & 5 + (ROW(A2)-1)*4)*100} -> -5.00255 | Q6: 2.8719491e-11 | R6: large | S6: {=INDIRECT("'C Impact of Technique'!M" & 5 + (ROW(A2)-1)*4)} -> 1134.7451 | T6: {=INDIRECT("'C Impact of Technique'!M" & 6 + (ROW(A2)-1)*4)} -> 1208.91 | U6: {=INDIRECT("'C Impact of Technique'!Q" & 5 + (ROW(A2)-1)*4)*100} -> 6.5358212 | V6: 2.8719491e-11 | W6: large | X6: =AVERAGE(J6,U6) -> 2.1647909 | Z6: <= -75 | AA6: {=_xlfn.TEXTJOIN(", ", TRUE, IF(J5:J30 <= -75, B5:B30, ""))} -> T10 | AC6: <= -75 | AD6: {=_xlfn.TEXTJOIN(", ", TRUE, IF(U5:U30 <= -75, M5:M30, ""))} -> T4, T10, T26, T40
B7: T7 | C7: {=INDIRECT("'C Impact of Technique'!D" & 3 + (ROW(A3)-1)*4)} -> 2.094 | D7: {=INDIRECT("'C Impact of Technique'!D" & 4 + (ROW(A3)-1)*4)} -> 1.047 | E7: {=INDIRECT("'C Impact of Technique'!N" & 3 + (ROW(A3)-1)*4)*100} -> -50 | F7: 2.8719491e-11 | G7: large | H7: {=INDIRECT("'C Impact of Technique'!M" & 3 + (ROW(A3)-1)*4)} -> 71.7195 | I7: {=INDIRECT("'C Impact of Technique'!M" & 4 + (ROW(A3)-1)*4)} -> 31.43094 | J7: {=INDIRECT("'C Impact of Technique'!Q" & 3 + (ROW(A3)-1)*4)*100} -> -56.175182 | K7: 2.8719491e-11 | L7: large | M7: T7 | N7: {=INDIRECT("'C Impact of Technique'!D" & 5 + (ROW(A3)-1)*4)} -> 2.094 | O7: {=INDIRECT("'C Impact of Technique'!D" & 6 + (ROW(A3)-1)*4)} -> 1.047 | P7: {=INDIRECT("'C Impact of Technique'!N" & 5 + (ROW(A3)-1)*4)*100} -> -50 | Q7: 2.8719491e-11 | R7: large | S7: {=INDIRECT("'C Impact of Technique'!M" & 5 + (ROW(A3)-1)*4)} -> 68.4738 | T7: {=INDIRECT("'C Impact of Technique'!M" & 6 + (ROW(A3)-1)*4)} -> 30.28971 | U7: {=INDIRECT("'C Impact of Technique'!Q" & 5 + (ROW(A3)-1)*4)*100} -> -55.764526 | V7: 2.8719491e-11 | W7: large | X7: =AVERAGE(J7,U7) -> -55.969854 | Z7: > -75 & <= -25 | AA7: {=_xlfn.TEXTJOIN(", ", TRUE, IF((J5:J30 > -75) * (J5:J30 <= -25), B5:B30, ""))} -> T4, T7, T20, T50, T51 | AC7: > -75 & <= -25 | AD7: {=_xlfn.TEXTJOIN(", ", TRUE, IF((U5:U30 > -75) * (U5:U30 <= -25), M5:M30, ""))} -> T7, T8, T12, T51
B8: T8 | C8: {=INDIRECT("'C Impact of Technique'!D" & 3 + (ROW(A4)-1)*4)} -> 4.747 | D8: {=INDIRECT("'C Impact of Technique'!D" & 4 + (ROW(A4)-1)*4)} -> 6.887 | E8: {=INDIRECT("'C Impact of Technique'!N" & 3 + (ROW(A4)-1)*4)*100} -> 45.081104 | F8: 2.8719491e-11 | G8: large | H8: {=INDIRECT("'C Impact of Technique'!M" & 3 + (ROW(A4)-1)*4)} -> 261.13247 | I8: {=INDIRECT("'C Impact of Technique'!M" & 4 + (ROW(A4)-1)*4)} -> 400.75453 | J8: {=INDIRECT("'C Impact of Technique'!Q" & 3 + (ROW(A4)-1)*4)*100} -> 53.467905 | K8: 2.8719491e-11 | L8: large | M8: T8 | N8: {=INDIRECT("'C Impact of Technique'!D" & 5 + (ROW(A4)-1)*4)} -> 22.572 | O8: {=INDIRECT("'C Impact of Technique'!D" & 6 + (ROW(A4)-1)*4)} -> 6.958 | P8: {=INDIRECT("'C Impact of Technique'!N" & 5 + (ROW(A4)-1)*4)*100} -> -69.174198 | Q8: 2.8719491e-11 | R8: large | S8: {=INDIRECT("'C Impact of Technique'!M" & 5 + (ROW(A4)-1)*4)} -> 1181.1928 | T8: {=INDIRECT("'C Impact of Technique'!M" & 6 + (ROW(A4)-1)*4)} -> 409.4783 | U8: {=INDIRECT("'C Impact of Technique'!Q" & 5 + (ROW(A4)-1)*4)*100} -> -65.333491 | V8: 2.8719491e-11 | W8: large | X8: =AVERAGE(J8,U8) -> -5.932793 | Z8: > -25 & <= -3 | AA8: {=_xlfn.TEXTJOIN(", ", TRUE, IF((J5:J30 > -25) * (J5:J30 <= -3), B5:B30, ""))} -> T9, T12, T16, T25, T40, T49 | AC8: > -25 & <= -3 | AD8: {=_xlfn.TEXTJOIN(", ", TRUE, IF((U5:U30 > -25) * (U5:U30 <= -3), M5:M30, ""))} -> T11, T13, T16, T25, T44, T50
B9: T9 | C9: {=INDIRECT("'C Impact of Technique'!D" & 3 + (ROW(A5)-1)*4)} -> 0.541 | D9: {=INDIRECT("'C Impact of Technique'!D" & 4 + (ROW(A5)-1)*4)} -> 0.523 | E9: {=INDIRECT("'C Impact of Technique'!N" & 3 + (ROW(A5)-1)*4)*100} -> -3.3271719 | F9: 0.75058723 | G9: null hypothesis cannot be rejected | H9: {=INDIRECT("'C Impact of Technique'!M" & 3 + (ROW(A5)-1)*4)} -> 11.47461 | I9: {=INDIRECT("'C Impact of Technique'!M" & 4 + (ROW(A5)-1)*4)} -> 10.31879 | J9: {=INDIRECT("'C Impact of Technique'!Q" & 3 + (ROW(A5)-1)*4)*100} -> -10.072848 | K9: 0.0028223336 | L9: medium | M9: T9 | N9: {=INDIRECT("'C Impact of Technique'!D" & 5 + (ROW(A5)-1)*4)} -> 0.524 | O9: {=INDIRECT("'C Impact of Technique'!D" & 6 + (ROW(A5)-1)*4)} -> 0.523 | P9: {=INDIRECT("'C Impact of Technique'!N" & 5 + (ROW(A5)-1)*4)*100} -> -0.19083969 | Q9: 0.23984999 | R9: null hypothesis cannot be rejected | S9: {=INDIRECT("'C Impact of Technique'!M" & 5 + (ROW(A5)-1)*4)} -> 10.5586 | T9: {=INDIRECT("'C Impact of Technique'!M" & 6 + (ROW(A5)-1)*4)} -> 10.64828 | U9: {=INDIRECT("'C Impact of Technique'!Q" & 5 + (ROW(A5)-1)*4)*100} -> 0.84935503 | V9: 0.88246568 | W9: small | X9: =AVERAGE(J9,U9) -> -4.6117464 | Z9: > -3 & < 3 | AA9: {=_xlfn.TEXTJOIN(", ", TRUE, IF((J5:J30 > -3) * (J5:J30 < 3), B5:B30, ""))} -> T5, T11, T13, T17, T26, T29, T32, T33, T44 | AC9: > -3 & < 3 | AD9: {=_xlfn.TEXTJOIN(", ", TRUE, IF((U5:U30 > -3) * (U5:U30 < 3), M5:M30, ""))} -> T9, T17, T29, T32, T36
B10: T10 | C10: {=INDIRECT("'C Impact of Technique'!D" & 3 + (ROW(A6)-1)*4)} -> 81.871 | D10: {=INDIRECT("'C Impact of Technique'!D" & 4 + (ROW(A6)-1)*4)} -> 1.052 | E10: {=INDIRECT("'C Impact of Technique'!N" & 3 + (ROW(A6)-1)*4)*100} -> -98.715052 | F10: 2.8719491e-11 | G10: large | H10: {=INDIRECT("'C Impact of Technique'!M" & 3 + (ROW(A6)-1)*4)} -> 5473.8951 | I10: {=INDIRECT("'C Impact of Technique'!M" & 4 + (ROW(A6)-1)*4)} -> 24.196 | J10: {=INDIRECT("'C Impact of Technique'!Q" & 3 + (ROW(A6)-1)*4)*100} -> -99.557975 | K10: 2.8719491e-11 | L10: large | M10: T10 | N10: {=INDIRECT("'C Impact of Technique'!D" & 5 + (ROW(A6)-1)*4)} -> 81.566 | O10: {=INDIRECT("'C Impact of Technique'!D" & 6 + (ROW(A6)-1)*4)} -> 0.526 | P10: {=INDIRECT("'C Impact of Technique'!N" & 5 + (ROW(A6)-1)*4)*100} -> -99.355123 | Q10: 2.8719491e-11 | R10: large | S10: {=INDIRECT("'C Impact of Technique'!M" & 5 + (ROW(A6)-1)*4)} -> 5544.8567 | T10: {=INDIRECT("'C Impact of Technique'!M" & 6 + (ROW(A6)-1)*4)} -> 10.50422 | U10: {=INDIRECT("'C Impact of Technique'!Q" & 5 + (ROW(A6)-1)*4)*100} -> -99.810559 | V10: 2.8719491e-11 | W10: large | X10: =AVERAGE(J10,U10) -> -99.684267 | Z10: >= 3 & < 25 | AA10: {=_xlfn.TEXTJOIN(", ", TRUE, IF((J5:J30 >= 3) * (J5:J30 < 25), B5:B30, ""))} -> T19, T36 | AC10: >= 3 & < 25 | AD10: {=_xlfn.TEXTJOIN(", ", TRUE, IF((U5:U30 >= 3) * (U5:U30 < 25), M5:M30, ""))} -> T5, T19, T28, T33
B11: T11 | C11: {=INDIRECT("'C Impact of Technique'!D" & 3 + (ROW(A7)-1)*4)} -> 2.095 | D11: {=INDIRECT("'C Impact of Technique'!D" & 4 + (ROW(A7)-1)*4)} -> 2.094 | E11: {=INDIRECT("'C Impact of Technique'!N" & 3 + (ROW(A7)-1)*4)*100} -> -0.047732697 | F11: 0.16237502 | G11: null hypothesis cannot be rejected | H11: {=INDIRECT("'C Impact of Technique'!M" & 3 + (ROW(A7)-1)*4)} -> 79.8614 | I11: {=INDIRECT("'C Impact of Technique'!M" & 4 + (ROW(A7)-1)*4)} -> 79.73952 | J11: {=INDIRECT("'C Impact of Technique'!Q" & 3 + (ROW(A7)-1)*4)*100} -> -0.1526144 | K11: 0.70617149 | L11: null hypothesis cannot be rejected | M11: T11 | N11: {=INDIRECT("'C Impact of Technique'!D" & 5 + (ROW(A7)-1)*4)} -> 1.047 | O11: {=INDIRECT("'C Impact of Technique'!D" & 6 + (ROW(A7)-1)*4)} -> 1.047 | P11: {=INDIRECT("'C Impact of Technique'!N" & 5 + (ROW(A7)-1)*4)*100} -> 0 | Q11: 0.89414606 | R11: null hypothesis cannot be rejected | S11: {=INDIRECT("'C Impact of Technique'!M" & 5 + (ROW(A7)-1)*4)} -> 30.76086 | T11: {=INDIRECT("'C Impact of Technique'!M" & 6 + (ROW(A7)-1)*4)} -> 24.37416 | U11: {=INDIRECT("'C Impact of Technique'!Q" & 5 + (ROW(A7)-1)*4)*100} -> -20.762423 | V11: 4.7340207e-11 | W11: null hypothesis cannot be rejected | X11: =AVERAGE(J11,U11) -> -10.457519 | Z11: >= 25 & < 75 | AA11: {=_xlfn.TEXTJOIN(", ", TRUE, IF((J5:J30 >= 25) * (J5:J30 < 75), B5:B30, ""))} -> T8, T28, T31 | AC11: >= 25 & < 75 | AD11: {=_xlfn.TEXTJOIN(", ", TRUE, IF((U5:U30 >= 25) * (U5:U30 < 75), M5:M30, ""))} -> T20, T31
B12: T12 | C12: {=INDIRECT("'C Impact of Technique'!D" & 3 + (ROW(A8)-1)*4)} -> 1.047 | D12: {=INDIRECT("'C Impact of Technique'!D" & 4 + (ROW(A8)-1)*4)} -> 1.047 | E12: {=INDIRECT("'C Impact of Technique'!N" & 3 + (ROW(A8)-1)*4)*100} -> 0 | F12: 0.88246568 | G12: null hypothesis cannot be rejected | H12: {=INDIRECT("'C Impact of Technique'!M" & 3 + (ROW(A8)-1)*4)} -> 27.38952 | I12: {=INDIRECT("'C Impact of Technique'!M" & 4 + (ROW(A8)-1)*4)} -> 23.52609 | J12: {=INDIRECT("'C Impact of Technique'!Q" & 3 + (ROW(A8)-1)*4)*100} -> -14.105505 | K12: 1.613225e-10 | L12: large | M12: T12 | N12: {=INDIRECT("'C Impact of Technique'!D" & 5 + (ROW(A8)-1)*4)} -> 1.047 | O12: {=INDIRECT("'C Impact of Technique'!D" & 6 + (ROW(A8)-1)*4)} -> 0.611 | P12: {=INDIRECT("'C Impact of Technique'!N" & 5 + (ROW(A8)-1)*4)*100} -> -41.642789 | Q12: 2.3306153e-09 | R12: null hypothesis cannot be rejected | S12: {=INDIRECT("'C Impact of Technique'!M" & 5 + (ROW(A8)-1)*4)} -> 25.22223 | T12: {=INDIRECT("'C Impact of Technique'!M" & 6 + (ROW(A8)-1)*4)} -> 10.99189 | U12: {=INDIRECT("'C Impact of Technique'!Q" & 5 + (ROW(A8)-1)*4)*100} -> -56.419833 | V12: 2.8719491e-11 | W12: large | X12: =AVERAGE(J12,U12) -> -35.262669 | Z12: >= 75 | AA12: {=_xlfn.TEXTJOIN(", ", TRUE, IF(J5:J30 >= 75, B5:B30, ""))} | AC12: >= 75 | AD12: {=_xlfn.TEXTJOIN(", ", TRUE, IF(U5:U30 >= 75, M5:M30, ""))} -> T49
B13: T13 | C13: {=INDIRECT("'C Impact of Technique'!D" & 3 + (ROW(A9)-1)*4)} -> 8.378 | D13: {=INDIRECT("'C Impact of Technique'!D" & 4 + (ROW(A9)-1)*4)} -> 8.474 | E13: {=INDIRECT("'C Impact of Technique'!N" & 3 + (ROW(A9)-1)*4)*100} -> 1.1458582 | F13: 3.4971115e-09 | G13: large | H13: {=INDIRECT("'C Impact of Technique'!M" & 3 + (ROW(A9)-1)*4)} -> 455.00918 | I13: {=INDIRECT("'C Impact of Technique'!M" & 4 + (ROW(A9)-1)*4)} -> 452.17264 | J13: {=INDIRECT("'C Impact of Technique'!Q" & 3 + (ROW(A9)-1)*4)*100} -> -0.62340281 | K13: 0.089091634 | L13: null hypothesis cannot be rejected | M13: T13 | N13: {=INDIRECT("'C Impact of Technique'!D" & 5 + (ROW(A9)-1)*4)} -> 6.283 | O13: {=INDIRECT("'C Impact of Technique'!D" & 6 + (ROW(A9)-1)*4)} -> 6.308 | P13: {=INDIRECT("'C Impact of Technique'!N" & 5 + (ROW(A9)-1)*4)*100} -> 0.39789909 | Q13: 2.8719491e-11 | R13: large | S13: {=INDIRECT("'C Impact of Technique'!M" & 5 + (ROW(A9)-1)*4)} -> 327.09298 | T13: {=INDIRECT("'C Impact of Technique'!M" & 6 + (ROW(A9)-1)*4)} -> 299.37768 | U13: {=INDIRECT("'C Impact of Technique'!Q" & 5 + (ROW(A9)-1)*4)*100} -> -8.4732176 | V13: 2.8719491e-11 | W13: null hypothesis cannot be rejected | X13: =AVERAGE(J13,U13) -> -4.5483102
B14: T16 | C14: {=INDIRECT("'C Impact of Technique'!D" & 3 + (ROW(A10)-1)*4)} -> 1.047 | D14: {=INDIRECT("'C Impact of Technique'!D" & 4 + (ROW(A10)-1)*4)} -> 1.047 | E14: {=INDIRECT("'C Impact of Technique'!N" & 3 + (ROW(A10)-1)*4)*100} -> 0 | F14: 0.57424673 | G14: null hypothesis cannot be rejected | H14: {=INDIRECT("'C Impact of Technique'!M" & 3 + (ROW(A10)-1)*4)} -> 24.26946 | I14: {=INDIRECT("'C Impact of Technique'!M" & 4 + (ROW(A10)-1)*4)} -> 22.25922 | J14: {=INDIRECT("'C Impact of Technique'!Q" & 3 + (ROW(A10)-1)*4)*100} -> -8.2830026 | K14: 0.00012106938 | L14: medium | M14: T16 | N14: {=INDIRECT("'C Impact of Technique'!D" & 5 + (ROW(A10)-1)*4)} -> 1.047 | O14: {=INDIRECT("'C Impact of Technique'!D" & 6 + (ROW(A10)-1)*4)} -> 1.047 | P14: {=INDIRECT("'C Impact of Technique'!N" & 5 + (ROW(A10)-1)*4)*100} -> 0 | Q14: 0.71718881 | R14: null hypothesis cannot be rejected | S14: {=INDIRECT("'C Impact of Technique'!M" & 5 + (ROW(A10)-1)*4)} -> 23.5575 | T14: {=INDIRECT("'C Impact of Technique'!M" & 6 + (ROW(A10)-1)*4)} -> 21.87183 | U14: {=INDIRECT("'C Impact of Technique'!Q" & 5 + (ROW(A10)-1)*4)*100} -> -7.1555556 | V14: 5.1013909e-05 | W14: large | X14: =AVERAGE(J14,U14) -> -7.7192791
B15: T17 | C15: {=INDIRECT("'C Impact of Technique'!D" & 3 + (ROW(A11)-1)*4)} -> 1.047 | D15: {=INDIRECT("'C Impact of Technique'!D" & 4 + (ROW(A11)-1)*4)} -> 1.047 | E15: {=INDIRECT("'C Impact of Technique'!N" & 3 + (ROW(A11)-1)*4)*100} -> 0 | F15: 0.33285469 | G15: null hypothesis cannot be rejected | H15: {=INDIRECT("'C Impact of Technique'!M" & 3 + (ROW(A11)-1)*4)} -> 24.48933 | I15: {=INDIRECT("'C Impact of Technique'!M" & 4 + (ROW(A11)-1)*4)} -> 24.03912 | J15: {=INDIRECT("'C Impact of Technique'!Q" & 3 + (ROW(A11)-1)*4)*100} -> -1.8383925 | K15: 0.35163697 | L15: null hypothesis cannot be rejected | M15: T17 | N15: {=INDIRECT("'C Impact of Technique'!D" & 5 + (ROW(A11)-1)*4)} -> 1.047 | O15: {=INDIRECT("'C Impact of Technique'!D" & 6 + (ROW(A11)-1)*4)} -> 1.047 | P15: {=INDIRECT("'C Impact of Technique'!N" & 5 + (ROW(A11)-1)*4)*100} -> 0 | Q15: 0.84758748 | R15: null hypothesis cannot be rejected | S15: {=INDIRECT("'C Impact of Technique'!M" & 5 + (ROW(A11)-1)*4)} -> 23.88207 | T15: {=INDIRECT("'C Impact of Technique'!M" & 6 + (ROW(A11)-1)*4)} -> 23.71455 | U15: {=INDIRECT("'C Impact of Technique'!Q" & 5 + (ROW(A11)-1)*4)*100} -> -0.70144673 | V15: 0.58436242 | W15: null hypothesis cannot be rejected | X15: =AVERAGE(J15,U15) -> -1.2699196
B16: T19 | C16: {=INDIRECT("'C Impact of Technique'!D" & 3 + (ROW(A12)-1)*4)} -> 12.95 | D16: {=INDIRECT("'C Impact of Technique'!D" & 4 + (ROW(A12)-1)*4)} -> 12.733 | E16: {=INDIRECT("'C Impact of Technique'!N" & 3 + (ROW(A12)-1)*4)*100} -> -1.6756757 | F16: 0.16016394 | G16: null hypothesis cannot be rejected | H16: {=INDIRECT("'C Impact of Technique'!M" & 3 + (ROW(A12)-1)*4)} -> 661.6155 | I16: {=INDIRECT("'C Impact of Technique'!M" & 4 + (ROW(A12)-1)*4)} -> 681.97948 | J16: {=INDIRECT("'C Impact of Technique'!Q" & 3 + (ROW(A12)-1)*4)*100} -> 3.0779176 | K16: 2.7769586e-06 | L16: large | M16: T19 | N16: {=INDIRECT("'C Impact of Technique'!D" & 5 + (ROW(A12)-1)*4)} -> 1.57 | O16: {=INDIRECT("'C Impact of Technique'!D" & 6 + (ROW(A12)-1)*4)} -> 1.577 | P16: {=INDIRECT("'C Impact of Technique'!N" & 5 + (ROW(A12)-1)*4)*100} -> 0.44585987 | Q16: 2.8719491e-11 | R16: null hypothesis cannot be rejected | S16: {=INDIRECT("'C Impact of Technique'!M" & 5 + (ROW(A12)-1)*4)} -> 51.3076 | T16: {=INDIRECT("'C Impact of Technique'!M" & 6 + (ROW(A12)-1)*4)} -> 57.97052 | U16: {=INDIRECT("'C Impact of Technique'!Q" & 5 + (ROW(A12)-1)*4)*100} -> 12.986224 | V16: 3.8787145e-11 | W16: large | X16: =AVERAGE(J16,U16) -> 8.0320709
B17: T20 | C17: {=INDIRECT("'C Impact of Technique'!D" & 3 + (ROW(A13)-1)*4)} -> 8.901 | D17: {=INDIRECT("'C Impact of Technique'!D" & 4 + (ROW(A13)-1)*4)} -> 3.142 | E17: {=INDIRECT("'C Impact of Technique'!N" & 3 + (ROW(A13)-1)*4)*100} -> -64.700595 | F17: 2.8719491e-11 | G17: large | H17: {=INDIRECT("'C Impact of Technique'!M" & 3 + (ROW(A13)-1)*4)} -> 423.06453 | I17: {=INDIRECT("'C Impact of Technique'!M" & 4 + (ROW(A13)-1)*4)} -> 138.84498 | J17: {=INDIRECT("'C Impact of Technique'!Q" & 3 + (ROW(A13)-1)*4)*100} -> -67.181134 | K17: 2.8719491e-11 | L17: large | M17: T20 | N17: {=INDIRECT("'C Impact of Technique'!D" & 5 + (ROW(A13)-1)*4)} -> 1.1 | O17: {=INDIRECT("'C Impact of Technique'!D" & 6 + (ROW(A13)-1)*4)} -> 1.576 | P17: {=INDIRECT("'C Impact of Technique'!N" & 5 + (ROW(A13)-1)*4)*100} -> 43.272727 | Q17: 7.0436208e-10 | R17: large | S17: {=INDIRECT("'C Impact of Technique'!M" & 5 + (ROW(A13)-1)*4)} -> 29.491 | T17: {=INDIRECT("'C Impact of Technique'!M" & 6 + (ROW(A13)-1)*4)} -> 44.19104 | U17: {=INDIRECT("'C Impact of Technique'!Q" & 5 + (ROW(A13)-1)*4)*100} -> 49.845851 | V17: 8.1210731e-09 | W17: large | X17: =AVERAGE(J17,U17) -> -8.6676415
B18: T25 | C18: {=INDIRECT("'C Impact of Technique'!D" & 3 + (ROW(A14)-1)*4)} -> 18.85 | D18: {=INDIRECT("'C Impact of Technique'!D" & 4 + (ROW(A14)-1)*4)} -> 15.737 | E18: {=INDIRECT("'C Impact of Technique'!N" & 3 + (ROW(A14)-1)*4)*100} -> -16.514589 | F18: 2.8719491e-11 | G18: large | H18: {=INDIRECT("'C Impact of Technique'!M" & 3 + (ROW(A14)-1)*4)} -> 1018.0885 | I18: {=INDIRECT("'C Impact of Technique'!M" & 4 + (ROW(A14)-1)*4)} -> 837.05103 | J18: {=INDIRECT("'C Impact of Technique'!Q" & 3 + (ROW(A14)-1)*4)*100} -> -17.782096 | K18: 2.8719491e-11 | L18: large | M18: T25 | N18: {=INDIRECT("'C Impact of Technique'!D" & 5 + (ROW(A14)-1)*4)} -> 4.729 | O18: {=INDIRECT("'C Impact of Technique'!D" & 6 + (ROW(A14)-1)*4)} -> 3.682 | P18: {=INDIRECT("'C Impact of Technique'!N" & 5 + (ROW(A14)-1)*4)*100} -> -22.139987 | Q18: 2.8719491e-11 | R18: large | S18: {=INDIRECT("'C Impact of Technique'!M" & 5 + (ROW(A14)-1)*4)} -> 222.87777 | T18: {=INDIRECT("'C Impact of Technique'!M" & 6 + (ROW(A14)-1)*4)} -> 169.1879 | U18: {=INDIRECT("'C Impact of Technique'!Q" & 5 + (ROW(A14)-1)*4)*100} -> -24.089379 | V18: 2.8719491e-11 | W18: large | X18: =AVERAGE(J18,U18) -> -20.935737
B19: T26 | C19: {=INDIRECT("'C Impact of Technique'!D" & 3 + (ROW(A15)-1)*4)} -> 18.325 | D19: {=INDIRECT("'C Impact of Technique'!D" & 4 + (ROW(A15)-1)*4)} -> 18.927 | E19: {=INDIRECT("'C Impact of Technique'!N" & 3 + (ROW(A15)-1)*4)*100} -> 3.2851296 | F19: 2.8719491e-11 | G19: large | H19: {=INDIRECT("'C Impact of Technique'!M" & 3 + (ROW(A15)-1)*4)} -> 918.449 | I19: {=INDIRECT("'C Impact of Technique'!M" & 4 + (ROW(A15)-1)*4)} -> 907.73892 | J19: {=INDIRECT("'C Impact of Technique'!Q" & 3 + (ROW(A15)-1)*4)*100} -> -1.166105 | K19: 0.014119269 | L19: medium | M19: T26 | N19: {=INDIRECT("'C Impact of Technique'!D" & 5 + (ROW(A15)-1)*4)} -> 5.254 | O19: {=INDIRECT("'C Impact of Technique'!D" & 6 + (ROW(A15)-1)*4)} -> 1.087 | P19: {=INDIRECT("'C Impact of Technique'!N" & 5 + (ROW(A15)-1)*4)*100} -> -79.311001 | Q19: 2.8719491e-11 | R19: large | S19: {=INDIRECT("'C Impact of Technique'!M" & 5 + (ROW(A15)-1)*4)} -> 237.16556 | T19: {=INDIRECT("'C Impact of Technique'!M" & 6 + (ROW(A15)-1)*4)} -> 25.94669 | U19: {=INDIRECT("'C Impact of Technique'!Q" & 5 + (ROW(A15)-1)*4)*100} -> -89.059672 | V19: 2.8719491e-11 | W19: large | X19: =AVERAGE(J19,U19) -> -45.112889
B20: T28 | C20: {=INDIRECT("'C Impact of Technique'!D" & 3 + (ROW(A16)-1)*4)} -> 9.948 | D20: {=INDIRECT("'C Impact of Technique'!D" & 4 + (ROW(A16)-1)*4)} -> 13.655 | E20: {=INDIRECT("'C Impact of Technique'!N" & 3 + (ROW(A16)-1)*4)*100} -> 37.263772 | F20: 2.8719491e-11 | G20: large | H20: {=INDIRECT("'C Impact of Technique'!M" & 3 + (ROW(A16)-1)*4)} -> 531.42216 | I20: {=INDIRECT("'C Impact of Technique'!M" & 4 + (ROW(A16)-1)*4)} -> 747.06505 | J20: {=INDIRECT("'C Impact of Technique'!Q" & 3 + (ROW(A16)-1)*4)*100} -> 40.578453 | K20: 2.8719491e-11 | L20: large | M20: T28 | N20: {=INDIRECT("'C Impact of Technique'!D" & 5 + (ROW(A16)-1)*4)} -> 2.705 | O20: {=INDIRECT("'C Impact of Technique'!D" & 6 + (ROW(A16)-1)*4)} -> 3.153 | P20: {=INDIRECT("'C Impact of Technique'!N" & 5 + (ROW(A16)-1)*4)*100} -> 16.561922 | Q20: 2.8719491e-11 | R20: large | S20: {=INDIRECT("'C Impact of Technique'!M" & 5 + (ROW(A16)-1)*4)} -> 116.61255 | T20: {=INDIRECT("'C Impact of Technique'!M" & 6 + (ROW(A16)-1)*4)} -> 134.0025 | U20: {=INDIRECT("'C Impact of Technique'!Q" & 5 + (ROW(A16)-1)*4)*100} -> 14.912589 | V20: 2.8719491e-11 | W20: large | X20: =AVERAGE(J20,U20) -> 27.745521
B21: T29 | C21: {=INDIRECT("'C Impact of Technique'!D" & 3 + (ROW(A17)-1)*4)} -> 1.047 | D21: {=INDIRECT("'C Impact of Technique'!D" & 4 + (ROW(A17)-1)*4)} -> 1.047 | E21: {=INDIRECT("'C Impact of Technique'!N" & 3 + (ROW(A17)-1)*4)*100} -> 0 | F21: 0.95284243 | G21: null hypothesis cannot be rejected | H21: {=INDIRECT("'C Impact of Technique'!M" & 3 + (ROW(A17)-1)*4)} -> 20.89812 | I21: {=INDIRECT("'C Impact of Technique'!M" & 4 + (ROW(A17)-1)*4)} -> 21.15987 | J21: {=INDIRECT("'C Impact of Technique'!Q" & 3 + (ROW(A17)-1)*4)*100} -> 1.252505 | K21: 0.56421471 | L21: null hypothesis cannot be rejected | M21: T29 | N21: {=INDIRECT("'C Impact of Technique'!D" & 5 + (ROW(A17)-1)*4)} -> 0.524 | O21: {=INDIRECT("'C Impact of Technique'!D" & 6 + (ROW(A17)-1)*4)} -> 0.523 | P21: {=INDIRECT("'C Impact of Technique'!N" & 5 + (ROW(A17)-1)*4)*100} -> -0.19083969 | Q21: 0.16016394 | R21: null hypothesis cannot be rejected | S21: {=INDIRECT("'C Impact of Technique'!M" & 5 + (ROW(A17)-1)*4)} -> 10.19704 | T21: {=INDIRECT("'C Impact of Technique'!M" & 6 + (ROW(A17)-1)*4)} -> 10.26126 | U21: {=INDIRECT("'C Impact of Technique'!Q" & 5 + (ROW(A17)-1)*4)*100} -> 0.62979061 | V21: 0.64672458 | W21: null hypothesis cannot be rejected | X21: =AVERAGE(J21,U21) -> 0.94114781
B22: T31 | C22: {=INDIRECT("'C Impact of Technique'!D" & 3 + (ROW(A18)-1)*4)} -> 16.18 | D22: {=INDIRECT("'C Impact of Technique'!D" & 4 + (ROW(A18)-1)*4)} -> 23.395 | E22: {=INDIRECT("'C Impact of Technique'!N" & 3 + (ROW(A18)-1)*4)*100} -> 44.592089 | F22: 2.8719491e-11 | G22: large | H22: {=INDIRECT("'C Impact of Technique'!M" & 3 + (ROW(A18)-1)*4)} -> 1067.2328 | I22: {=INDIRECT("'C Impact of Technique'!M" & 4 + (ROW(A18)-1)*4)} -> 1591.7958 | J22: {=INDIRECT("'C Impact of Technique'!Q" & 3 + (ROW(A18)-1)*4)*100} -> 49.151694 | K22: 2.8719491e-11 | L22: large | M22: T31 | N22: {=INDIRECT("'C Impact of Technique'!D" & 5 + (ROW(A18)-1)*4)} -> 12.467 | O22: {=INDIRECT("'C Impact of Technique'!D" & 6 + (ROW(A18)-1)*4)} -> 17.895 | P22: {=INDIRECT("'C Impact of Technique'!N" & 5 + (ROW(A18)-1)*4)*100} -> 43.538943 | Q22: 2.8719491e-11 | R22: large | S22: {=INDIRECT("'C Impact of Technique'!M" & 5 + (ROW(A18)-1)*4)} -> 850.62341 | T22: {=INDIRECT("'C Impact of Technique'!M" & 6 + (ROW(A18)-1)*4)} -> 1205.2282 | U22: {=INDIRECT("'C Impact of Technique'!Q" & 5 + (ROW(A18)-1)*4)*100} -> 41.687642 | V22: 2.8719491e-11 | W22: large | X22: =AVERAGE(J22,U22) -> 45.419668
B23: T32 | C23: {=INDIRECT("'C Impact of Technique'!D" & 3 + (ROW(A19)-1)*4)} -> 1.047 | D23: {=INDIRECT("'C Impact of Technique'!D" & 4 + (ROW(A19)-1)*4)} -> 1.048 | E23: {=INDIRECT("'C Impact of Technique'!N" & 3 + (ROW(A19)-1)*4)*100} -> 0.095510984 | F23: 0.64672458 | G23: null hypothesis cannot be rejected | H23: {=INDIRECT("'C Impact of Technique'!M" & 3 + (ROW(A19)-1)*4)} -> 32.22666 | I23: {=INDIRECT("'C Impact of Technique'!M" & 4 + (ROW(A19)-1)*4)} -> 31.74392 | J23: {=INDIRECT("'C Impact of Technique'!Q" & 3 + (ROW(A19)-1)*4)*100} -> -1.4979523 | K23: 0.23690664 | L23: null hypothesis cannot be rejected | M23: T32 | N23: {=INDIRECT("'C Impact of Technique'!D" & 5 + (ROW(A19)-1)*4)} -> 1.047 | O23: {=INDIRECT("'C Impact of Technique'!D" & 6 + (ROW(A19)-1)*4)} -> 1.047 | P23: {=INDIRECT("'C Impact of Technique'!N" & 5 + (ROW(A19)-1)*4)*100} -> 0 | Q23: 0.63614069 | R23: null hypothesis cannot be rejected | S23: {=INDIRECT("'C Impact of Technique'!M" & 5 + (ROW(A19)-1)*4)} -> 25.24317 | T23: {=INDIRECT("'C Impact of Technique'!M" & 6 + (ROW(A19)-1)*4)} -> 24.63591 | U23: {=INDIRECT("'C Impact of Technique'!Q" & 5 + (ROW(A19)-1)*4)*100} -> -2.4056408 | V23: 0.12967022 | W23: null hypothesis cannot be rejected | X23: =AVERAGE(J23,U23) -> -1.9517966
B24: T33 | C24: {=INDIRECT("'C Impact of Technique'!D" & 3 + (ROW(A20)-1)*4)} -> 1.047 | D24: {=INDIRECT("'C Impact of Technique'!D" & 4 + (ROW(A20)-1)*4)} -> 1.047 | E24: {=INDIRECT("'C Impact of Technique'!N" & 3 + (ROW(A20)-1)*4)*100} -> 0 | F24: 0.34782778 | G24: null hypothesis cannot be rejected | H24: {=INDIRECT("'C Impact of Technique'!M" & 3 + (ROW(A20)-1)*4)} -> 27.39999 | I24: {=INDIRECT("'C Impact of Technique'!M" & 4 + (ROW(A20)-1)*4)} -> 27.00213 | J24: {=INDIRECT("'C Impact of Technique'!Q" & 3 + (ROW(A20)-1)*4)*100} -> -1.4520443 | K24: 0.57424673 | L24: null hypothesis cannot be rejected | M24: T33 | N24: {=INDIRECT("'C Impact of Technique'!D" & 5 + (ROW(A20)-1)*4)} -> 1.047 | O24: {=INDIRECT("'C Impact of Technique'!D" & 6 + (ROW(A20)-1)*4)} -> 1.047 | P24: {=INDIRECT("'C Impact of Technique'!N" & 5 + (ROW(A20)-1)*4)*100} -> 0 | Q24: 0.71167263 | R24: null hypothesis cannot be rejected | S24: {=INDIRECT("'C Impact of Technique'!M" & 5 + (ROW(A20)-1)*4)} -> 22.24875 | T24: {=INDIRECT("'C Impact of Technique'!M" & 6 + (ROW(A20)-1)*4)} -> 23.7669 | U24: {=INDIRECT("'C Impact of Technique'!Q" & 5 + (ROW(A20)-1)*4)*100} -> 6.8235294 | V24: 0.00232223 | W24: null hypothesis cannot be rejected | X24: =AVERAGE(J24,U24) -> 2.6857425
... B30: T51 | C30: {=INDIRECT("'C Impact of Technique'!D" & 3 + (ROW(A26)-1)*4)} -> 90.43 | D30: {=INDIRECT("'C Impact of Technique'!D" & 4 + (ROW(A26)-1)*4)} -> 66.108 | E30: {=INDIRECT("'C Impact of Technique'!N" & 3 + (ROW(A26)-1)*4)*100} -> -26.895942 | F30: 2.8719491e-11 | G30: large | H30: {=INDIRECT("'C Impact of Technique'!M" & 3 + (ROW(A26)-1)*4)} -> 5767.6254 | I30: {=INDIRECT("'C Impact of Technique'!M" & 4 + (ROW(A26)-1)*4)} -> 4180.6699 | J30: {=INDIRECT("'C Impact of Technique'!Q" & 3 + (ROW(A26)-1)*4)*100} -> -27.514885 | K30: 2.8719491e-11 | L30: large | M30: T51 | N30: {=INDIRECT("'C Impact of Technique'!D" & 5 + (ROW(A26)-1)*4)} -> 33.163 | O30: {=INDIRECT("'C Impact of Technique'!D" & 6 + (ROW(A26)-1)*4)} -> 24.194 | P30: {=INDIRECT("'C Impact of Technique'!N" & 5 + (ROW(A26)-1)*4)*100} -> -27.045201 | Q30: 2.8719491e-11 | R30: large | S30: {=INDIRECT("'C Impact of Technique'!M" & 5 + (ROW(A26)-1)*4)} -> 2127.7381 | T30: {=INDIRECT("'C Impact of Technique'!M" & 6 + (ROW(A26)-1)*4)} -> 1511.1572 | U30: {=INDIRECT("'C Impact of Technique'!Q" & 5 + (ROW(A26)-1)*4)*100} -> -28.97823 | V30: 2.8719491e-11 | W30: large | X30: =AVERAGE(J30,U30) -> -28.246557
B32: Impact
B33: Energy consumption (J) | G33: Energy consumption (J) | L33: Energy consumption (J)
B34: Optimization level O0 | G34: Optimization level O3 | L34: Optimization level O0 + Optimization level O3
B35: Impact | C35: Average | D35: Min | E35: Max | G35: Impact | H35: Average | I35: Min | J35: Max | L35: Impact | M35: Average | N35: Min | O35: Max
B36: Reduction | C36: {=AVERAGE(_xlfn._xlws.FILTER($J$5:$J$30, ISNUMBER(MATCH($B$5:$B$30, _xlfn.TEXTSPLIT(_xlfn.TEXTJOIN(", ", TRUE, AA6:AA8), ", "), 0))))} -> -35.280108 | D36: {=MIN(_xlfn._xlws.FILTER($J$5:$J$30, ISNUMBER(MATCH($B$5:$B$30, _xlfn.TEXTSPLIT(_xlfn.TEXTJOIN(", ", TRUE, AA6:AA8), ", "), 0))))} -> -99.557975 | E36: {=MAX(_xlfn._xlws.FILTER($J$5:$J$30, ISNUMBER(MATCH($B$5:$B$30, _xlfn.TEXTSPLIT(_xlfn.TEXTJOIN(", ", TRUE, AA6:AA8), ", "), 0))))} -> -8.2830026 | G36: Reduction | H36: {=AVERAGE(_xlfn._xlws.FILTER($U$5:$U$30, ISNUMBER(MATCH($M$5:$M$30, _xlfn.TEXTSPLIT(_xlfn.TEXTJOIN(", ", TRUE, AD6:AD8), ", "), 0))))} -> -45.331696 | I36: {=MIN(_xlfn._xlws.FILTER($U$5:$U$30, ISNUMBER(MATCH($M$5:$M$30, _xlfn.TEXTSPLIT(_xlfn.TEXTJOIN(", ", TRUE, AD6:AD8), ", "), 0))))} -> -99.810559 | J36: {=MAX(_xlfn._xlws.FILTER($U$5:$U$30, ISNUMBER(MATCH($M$5:$M$30, _xlfn.TEXTSPLIT(_xlfn.TEXTJOIN(", ", TRUE, AD6:AD8), ", "), 0))))} -> -4.8045026 | L36: Reduction | M36: =AVERAGE(C36,H36) -> -40.305902 | N36: =MIN(D36,I36) -> -99.810559 | O36: =MAX(E36,J36) -> -4.8045026
B37: No impact | C37: {=AVERAGE(_xlfn._xlws.FILTER($J$5:$J$30, ISNUMBER(MATCH($B$5:$B$30, _xlfn.TEXTSPLIT(_xlfn.TEXTJOIN(", ", TRUE, AA9), ", "), 0))))} -> -1.1081087 | D37: {=MIN(_xlfn._xlws.FILTER($J$5:$J$30, ISNUMBER(MATCH($B$5:$B$30, _xlfn.TEXTSPLIT(_xlfn.TEXTJOIN(", ", TRUE, AA9), ", "), 0))))} -> -2.2887324 | E37: {=MAX(_xlfn._xlws.FILTER($J$5:$J$30, ISNUMBER(MATCH($B$5:$B$30, _xlfn.TEXTSPLIT(_xlfn.TEXTJOIN(", ", TRUE, AA9), ", "), 0))))} -> 1.252505 | G37: No impact | H37: {=AVERAGE(_xlfn._xlws.FILTER($U$5:$U$30, ISNUMBER(MATCH($M$5:$M$30, _xlfn.TEXTSPLIT(_xlfn.TEXTJOIN(", ", TRUE, AD9), ", "), 0))))} -> 0.16948658 | I37: {=MIN(_xlfn._xlws.FILTER($U$5:$U$30, ISNUMBER(MATCH($M$5:$M$30, _xlfn.TEXTSPLIT(_xlfn.TEXTJOIN(", ", TRUE, AD9), ", "), 0))))} -> -2.4056408 | J37: {=MAX(_xlfn._xlws.FILTER($U$5:$U$30, ISNUMBER(MATCH($M$5:$M$30, _xlfn.TEXTSPLIT(_xlfn.TEXTJOIN(", ", TRUE, AD9), ", "), 0))))} -> 2.4753748 | L37: No impact | M37: =AVERAGE(C37,H37) -> -0.46931105 | N37: =MIN(D37,I37) -> -2.4056408 | O37: =MAX(E37,J37) -> 2.4753748
B38: Increase | C38: {=AVERAGE(_xlfn._xlws.FILTER($J$5:$J$30, ISNUMBER(MATCH($B$5:$B$30, _xlfn.TEXTSPLIT(_xlfn.TEXTJOIN(", ", TRUE, AA10:AA12), ", "), 0))))} -> 30.082509 | D38: {=MIN(_xlfn._xlws.FILTER($J$5:$J$30, ISNUMBER(MATCH($B$5:$B$30, _xlfn.TEXTSPLIT(_xlfn.TEXTJOIN(", ", TRUE, AA10:AA12), ", "), 0))))} -> 3.0779176 | E38: {=MAX(_xlfn._xlws.FILTER($J$5:$J$30, ISNUMBER(MATCH($B$5:$B$30, _xlfn.TEXTSPLIT(_xlfn.TEXTJOIN(", ", TRUE, AA10:AA12), ", "), 0))))} -> 53.467905 | G38: Increase | H38: {=AVERAGE(_xlfn._xlws.FILTER($U$5:$U$30, ISNUMBER(MATCH($M$5:$M$30, _xlfn.TEXTSPLIT(_xlfn.TEXTJOIN(", ", TRUE, AD10:AD12), ", "), 0))))} -> 70.079325 | I38: {=MIN(_xlfn._xlws.FILTER($U$5:$U$30, ISNUMBER(MATCH($M$5:$M$30, _xlfn.TEXTSPLIT(_xlfn.TEXTJOIN(", ", TRUE, AD10:AD12), ", "), 0))))} -> 6.5358212 | J38: {=MAX(_xlfn._xlws.FILTER($U$5:$U$30, ISNUMBER(MATCH($M$5:$M$30, _xlfn.TEXTSPLIT(_xlfn.TEXTJOIN(", ", TRUE, AD10:AD12), ", "), 0))))} -> 357.76362 | L38: Increase | M38: =AVERAGE(C38,H38) -> 50.080917 | N38: =MIN(D38,I38) -> 3.0779176 | O38: =MAX(E38,J38) -> 357.76362
B39: Total | C39: {=AVERAGE(_xlfn._xlws.FILTER($J$5:$J$30, ISNUMBER(MATCH($B$5:$B$30, _xlfn.TEXTSPLIT(_xlfn.TEXTJOIN(", ", TRUE, AA6:AA12), ", "), 0))))} -> -10.881605 | D39: {=MIN(_xlfn._xlws.FILTER($J$5:$J$30, ISNUMBER(MATCH($B$5:$B$30, _xlfn.TEXTSPLIT(_xlfn.TEXTJOIN(", ", TRUE, AA6:AA12), ", "), 0))))} -> -99.557975 | E39: {=MAX(_xlfn._xlws.FILTER($J$5:$J$30, ISNUMBER(MATCH($B$5:$B$30, _xlfn.TEXTSPLIT(_xlfn.TEXTJOIN(", ", TRUE, AA6:AA12), ", "), 0))))} -> 53.467905 | G39: Total | H39: {=AVERAGE(_xlfn._xlws.FILTER($U$5:$U$30, ISNUMBER(MATCH($M$5:$M$30, _xlfn.TEXTSPLIT(_xlfn.TEXTJOIN(", ", TRUE, AD6:AD12), ", "), 0))))} -> -5.5092705 | I39: {=MIN(_xlfn._xlws.FILTER($U$5:$U$30, ISNUMBER(MATCH($M$5:$M$30, _xlfn.TEXTSPLIT(_xlfn.TEXTJOIN(", ", TRUE, AD6:AD12), ", "), 0))))} -> -99.810559 | J39: {=MAX(_xlfn._xlws.FILTER($U$5:$U$30, ISNUMBER(MATCH($M$5:$M$30, _xlfn.TEXTSPLIT(_xlfn.TEXTJOIN(", ", TRUE, AD6:AD12), ", "), 0))))} -> 357.76362 | L39: Total | M39: =AVERAGE(C39,H39) -> -8.1954376 | N39: =MIN(D39,I39) -> -99.810559 | O39: =MAX(E39,J39) -> 357.76362
B41: Techniques
B42: Energy consumption (J) | G42: Energy consumption (J) | L42: Energy consumption (J)
B43: Optimization level O0 | G43: Optimization level O3 | L43: Optimization level O0 + Optimization level O3
B44: Impact | C44: Nº | E44: % | G44: Impact | H44: Nº | J44: % | L44: Impact | M44: Nº | O44: %
B45: Reduction | C45: {=COUNT(_xlfn._xlws.FILTER($J$5:$J$30, ISNUMBER(MATCH($B$5:$B$30, _xlfn.TEXTSPLIT(_xlfn.TEXTJOIN(", ", TRUE, AA6:AA8), ", "), 0))))} -> 12 | E45: =C45/C$48 -> 0.46153846 | G45: Reduction | H45: {=COUNT(_xlfn._xlws.FILTER($U$5:$U$30, ISNUMBER(MATCH($M$5:$M$30, _xlfn.TEXTSPLIT(_xlfn.TEXTJOIN(", ", TRUE, AD6:AD8), ", "), 0))))} -> 14 | J45: =H45/H$48 -> 0.53846154 | L45: Reduction | M45: =SUM(C45,H45) -> 26 | O45: =M45/M$48 -> 0.5
B46: No impact | C46: {=COUNT(_xlfn._xlws.FILTER($J$5:$J$30, ISNUMBER(MATCH($B$5:$B$30, _xlfn.TEXTSPLIT(_xlfn.TEXTJOIN(", ", TRUE, AA9), ", "), 0))))} -> 9 | E46: =C46/C$48 -> 0.34615385 | G46: No impact | H46: {=COUNT(_xlfn._xlws.FILTER($U$5:$U$30, ISNUMBER(MATCH($M$5:$M$30, _xlfn.TEXTSPLIT(_xlfn.TEXTJOIN(", ", TRUE, AD9), ", "), 0))))} -> 5 | J46: =H46/H$48 -> 0.19230769 | L46: No impact | M46: =SUM(C46,H46) -> 14 | O46: =M46/M$48 -> 0.26923077
B47: Increase | C47: {=COUNT(_xlfn._xlws.FILTER($J$5:$J$30, ISNUMBER(MATCH($B$5:$B$30, _xlfn.TEXTSPLIT(_xlfn.TEXTJOIN(", ", TRUE, AA10:AA12), ", "), 0))))} -> 5 | E47: =C47/C$48 -> 0.19230769 | G47: Increase | H47: {=COUNT(_xlfn._xlws.FILTER($U$5:$U$30, ISNUMBER(MATCH($M$5:$M$30, _xlfn.TEXTSPLIT(_xlfn.TEXTJOIN(", ", TRUE, AD10:AD12), ", "), 0))))} -> 7 | J47: =H47/H$48 -> 0.26923077 | L47: Increase | M47: =SUM(C47,H47) -> 12 | O47: =M47/M$48 -> 0.23076923
B48: Total | C48: =SUM(C45:D47) -> 26 | E48: =C48/C$48 -> 1 | G48: Total | H48: =SUM(H45:I47) -> 26 | J48: =H48/H$48 -> 1 | L48: Total | M48: =SUM(M45:N47) -> 52 | O48: =M48/M$48 -> 1

Sheet C Optimization results
C2: Test1 | N2: Test2
C3: Time (s) | H3: Energy consumption (J) | N3: Time (s) | S3: Energy consumption (J) | Z3: Energy consumption (J) | AC3: Energy consumption (J)
B4: Technique | C4: Optimization level O0 | D4: Optimization level O3 | E4: Impact (%) | F4: p-value | G4: Effect size | H4: Optimization level O0 | I4: Optimization level O3 | J4: Impact (%) | K4: p-value | L4: Effect size | M4: Technique | N4: Optimization level O0 | O4: Optimization level O3 | P4: Impact (%) | Q4: p-value | R4: Effect size | S4: Optimization level O0 | T4: Optimization level O3 | U4: Impact (%) | V4: p-value | W4: Effect size | X4: Average impact (%) | Z4: Test1 | AC4: Test2
B5: T4 | C5: {=INDIRECT("'C Impact of Optimization'!D" & 3 + (ROW(A1)-1)*4)} -> 4.713 | D5: {=INDIRECT("'C Impact of Optimization'!D" & 4 + (ROW(A1)-1)*4)} -> 3.071 | E5: {=INDIRECT("'C Impact of Optimization'!N" & 3 + (ROW(A1)-1)*4)*100} -> -34.839805 | F5: 2.8719491e-11 | G5: large | H5: {=INDIRECT("'C Impact of Optimization'!M" & 3 + (ROW(A1)-1)*4)} -> 242.2482 | I5: {=INDIRECT("'C Impact of Optimization'!M" & 4 + (ROW(A1)-1)*4)} -> 138.5021 | J5: {=INDIRECT("'C Impact of Optimization'!Q" & 3 + (ROW(A1)-1)*4)*100} -> -42.826366 | K5: 2.8719491e-11 | L5: large | M5: T4 | N5: {=INDIRECT("'C Impact of Optimization'!D" & 5 + (ROW(A1)-1)*4)} -> 3.665 | O5: {=INDIRECT("'C Impact of Optimization'!D" & 6 + (ROW(A1)-1)*4)} -> 1.048 | P5: {=INDIRECT("'C Impact of Optimization'!N" & 5 + (ROW(A1)-1)*4)*100} -> -71.405184 | Q5: 2.8719491e-11 | R5: large | S5: {=INDIRECT("'C Impact of Optimization'!M" & 5 + (ROW(A1)-1)*4)} -> 164.66845 | T5: {=INDIRECT("'C Impact of Optimization'!M" & 6 + (ROW(A1)-1)*4)} -> 31.77536 | U5: {=INDIRECT("'C Impact of Optimization'!Q" & 5 + (ROW(A1)-1)*4)*100} -> -80.703432 | V5: 2.8719491e-11 | W5: large | X5: =AVERAGE(J5,U5) -> -61.764899 | Z5: Impact | AA5: Techniques | AC5: Impact | AD5: Techniques
B6: T5 | C6: {=INDIRECT("'C Impact of Optimization'!D" & 3 + (ROW(A2)-1)*4)} -> 409.731 | D6: {=INDIRECT("'C Impact of Optimization'!D" & 4 + (ROW(A2)-1)*4)} -> 21.569 | E6: {=INDIRECT("'C Impact of Optimization'!N" & 3 + (ROW(A2)-1)*4)*100} -> -94.735814 | F6: 2.8719491e-11 | G6: large | H6: {=INDIRECT("'C Impact of Optimization'!M" & 3 + (ROW(A2)-1)*4)} -> 24903.45 | I6: {=INDIRECT("'C Impact of Optimization'!M" & 4 + (ROW(A2)-1)*4)} -> 1134.7451 | J6: {=INDIRECT("'C Impact of Optimization'!Q" & 3 + (ROW(A2)-1)*4)*100} -> -95.443422 | K6: 2.8719491e-11 | L6: large | M6: T5 | N6: {=INDIRECT("'C Impact of Optimization'!D" & 5 + (ROW(A2)-1)*4)} -> 400.362 | O6: {=INDIRECT("'C Impact of Optimization'!D" & 6 + (ROW(A2)-1)*4)} -> 20.49 | P6: {=INDIRECT("'C Impact of Optimization'!N" & 5 + (ROW(A2)-1)*4)*100} -> -94.882132 | Q6: 2.8719491e-11 | R6: large | S6: {=INDIRECT("'C Impact of Optimization'!M" & 5 + (ROW(A2)-1)*4)} -> 24354.02 | T6: {=INDIRECT("'C Impact of Optimization'!M" & 6 + (ROW(A2)-1)*4)} -> 1208.91 | U6: {=INDIRECT("'C Impact of Optimization'!Q" & 5 + (ROW(A2)-1)*4)*100} -> -95.036097 | V6: 2.8719491e-11 | W6: large | X6: =AVERAGE(J6,U6) -> -95.239759 | Z6: <= -75 | AA6: {=_xlfn.TEXTJOIN(", ", TRUE, IF(J5:J30 <= -75, B5:B30, ""))} -> T5, T19, T20, T25, T28, T36, T49, T50 | AC6: <= -75 | AD6: {=_xlfn.TEXTJOIN(", ", TRUE, IF(U5:U30 <= -75, M5:M30, ""))} -> T4, T5, T19, T25, T26, T28, T36, T40, T50
B7: T7 | C7: {=INDIRECT("'C Impact of Optimization'!D" & 3 + (ROW(A3)-1)*4)} -> 2.094 | D7: {=INDIRECT("'C Impact of Optimization'!D" & 4 + (ROW(A3)-1)*4)} -> 2.094 | E7: {=INDIRECT("'C Impact of Optimization'!N" & 3 + (ROW(A3)-1)*4)*100} -> 0 | F7: 0.21701682 | G7: null hypothesis cannot be rejected | H7: {=INDIRECT("'C Impact of Optimization'!M" & 3 + (ROW(A3)-1)*4)} -> 71.7195 | I7: {=INDIRECT("'C Impact of Optimization'!M" & 4 + (ROW(A3)-1)*4)} -> 68.4738 | J7: {=INDIRECT("'C Impact of Optimization'!Q" & 3 + (ROW(A3)-1)*4)*100} -> -4.5255474 | K7: 0.014710444 | L7: medium | M7: T7 | N7: {=INDIRECT("'C Impact of Optimization'!D" & 5 + (ROW(A3)-1)*4)} -> 1.047 | O7: {=INDIRECT("'C Impact of Optimization'!D" & 6 + (ROW(A3)-1)*4)} -> 1.047 | P7: {=INDIRECT("'C Impact of Optimization'!N" & 5 + (ROW(A3)-1)*4)*100} -> 0 | Q7: 0.55426784 | R7: null hypothesis cannot be rejected | S7: {=INDIRECT("'C Impact of Optimization'!M" & 5 + (ROW(A3)-1)*4)} -> 31.43094 | T7: {=INDIRECT("'C Impact of Optimization'!M" & 6 + (ROW(A3)-1)*4)} -> 30.28971 | U7: {=INDIRECT("'C Impact of Optimization'!Q" & 5 + (ROW(A3)-1)*4)*100} -> -3.6309127 | V7: 0.44201791 | W7: small | X7: =AVERAGE(J7,U7) -> -4.0782301 | Z7: > -75 & <= -25 | AA7: {=_xlfn.TEXTJOIN(", ", TRUE, IF((J5:J30 > -75) * (J5:J30 <= -25), B5:B30, ""))} -> T4, T11, T13, T26, T29, T40, T44, T51 | AC7: > -75 & <= -25 | AD7: {=_xlfn.TEXTJOIN(", ", TRUE, IF((U5:U30 > -75) * (U5:U30 <= -25), M5:M30, ""))} -> T10, T11, T12, T13, T20, T29, T44, T49, T51
B8: T8 | C8: {=INDIRECT("'C Impact of Optimization'!D" & 3 + (ROW(A4)-1)*4)} -> 4.747 | D8: {=INDIRECT("'C Impact of Optimization'!D" & 4 + (ROW(A4)-1)*4)} -> 22.572 | E8: {=INDIRECT("'C Impact of Optimization'!N" & 3 + (ROW(A4)-1)*4)*100} -> 375.50032 | F8: 2.8719491e-11 | G8: large | H8: {=INDIRECT("'C Impact of Optimization'!M" & 3 + (ROW(A4)-1)*4)} -> 261.13247 | I8: {=INDIRECT("'C Impact of Optimization'!M" & 4 + (ROW(A4)-1)*4)} -> 1181.1928 | J8: {=INDIRECT("'C Impact of Optimization'!Q" & 3 + (ROW(A4)-1)*4)*100} -> 352.33469 | K8: 2.8719491e-11 | L8: large | M8: T8 | N8: {=INDIRECT("'C Impact of Optimization'!D" & 5 + (ROW(A4)-1)*4)} -> 6.887 | O8: {=INDIRECT("'C Impact of Optimization'!D" & 6 + (ROW(A4)-1)*4)} -> 6.958 | P8: {=INDIRECT("'C Impact of Optimization'!N" & 5 + (ROW(A4)-1)*4)*100} -> 1.0309278 | Q8: 3.9998075e-09 | R8: large | S8: {=INDIRECT("'C Impact of Optimization'!M" & 5 + (ROW(A4)-1)*4)} -> 400.75453 | T8: {=INDIRECT("'C Impact of Optimization'!M" & 6 + (ROW(A4)-1)*4)} -> 409.4783 | U8: {=INDIRECT("'C Impact of Optimization'!Q" & 5 + (ROW(A4)-1)*4)*100} -> 2.1768363 | V8: 3.8787145e-11 | W8: large | X8: =AVERAGE(J8,U8) -> 177.25577 | Z8: > -25 & <= -3 | AA8: {=_xlfn.TEXTJOIN(", ", TRUE, IF((J5:J30 > -25) * (J5:J30 <= -3), B5:B30, ""))} -> T7, T9, T12, T31, T32, T33 | AC8: > -25 & <= -3 | AD8: {=_xlfn.TEXTJOIN(", ", TRUE, IF((U5:U30 > -25) * (U5:U30 <= -3), M5:M30, ""))} -> T7, T31, T32, T33
B9: T9 | C9: {=INDIRECT("'C Impact of Optimization'!D" & 3 + (ROW(A5)-1)*4)} -> 0.541 | D9: {=INDIRECT("'C Impact of Optimization'!D" & 4 + (ROW(A5)-1)*4)} -> 0.524 | E9: {=INDIRECT("'C Impact of Optimization'!N" & 3 + (ROW(A5)-1)*4)*100} -> -3.142329 | F9: 0.94695594 | G9: null hypothesis cannot be rejected | H9: {=INDIRECT("'C Impact of Optimization'!M" & 3 + (ROW(A5)-1)*4)} -> 11.47461 | I9: {=INDIRECT("'C Impact of Optimization'!M" & 4 + (ROW(A5)-1)*4)} -> 10.5586 | J9: {=INDIRECT("'C Impact of Optimization'!Q" & 3 + (ROW(A5)-1)*4)*100} -> -7.9829293 | K9: 0.29047215 | L9: null hypothesis cannot be rejected | M9: T9 | N9: {=INDIRECT("'C Impact of Optimization'!D" & 5 + (ROW(A5)-1)*4)} -> 0.523 | O9: {=INDIRECT("'C Impact of Optimization'!D" & 6 + (ROW(A5)-1)*4)} -> 0.523 | P9: {=INDIRECT("'C Impact of Optimization'!N" & 5 + (ROW(A5)-1)*4)*100} -> 0 | Q9: 0.71718881 | R9: null hypothesis cannot be rejected | S9: {=INDIRECT("'C Impact of Optimization'!M" & 5 + (ROW(A5)-1)*4)} -> 10.31879 | T9: {=INDIRECT("'C Impact of Optimization'!M" & 6 + (ROW(A5)-1)*4)} -> 10.64828 | U9: {=INDIRECT("'C Impact of Optimization'!Q" & 5 + (ROW(A5)-1)*4)*100} -> 3.1931069 | V9: 0.12057499 | W9: null hypothesis cannot be rejected | X9: =AVERAGE(J9,U9) -> -2.3949112 | Z9: > -3 & < 3 | AA9: {=_xlfn.TEXTJOIN(", ", TRUE, IF((J5:J30 > -3) * (J5:J30 < 3), B5:B30, ""))} -> T10, T16, T17 | AC9: > -3 & < 3 | AD9: {=_xlfn.TEXTJOIN(", ", TRUE, IF((U5:U30 > -3) * (U5:U30 < 3), M5:M30, ""))} -> T8, T16, T17
B10: T10 | C10: {=INDIRECT("'C Impact of Optimization'!D" & 3 + (ROW(A6)-1)*4)} -> 81.871 | D10: {=INDIRECT("'C Impact of Optimization'!D" & 4 + (ROW(A6)-1)*4)} -> 81.566 | E10: {=INDIRECT("'C Impact of Optimization'!N" & 3 + (ROW(A6)-1)*4)*100} -> -0.37253728 | F10: 0.14737286 | G10: null hypothesis cannot be rejected | H10: {=INDIRECT("'C Impact of Optimization'!M" & 3 + (ROW(A6)-1)*4)} -> 5473.8951 | I10: {=INDIRECT("'C Impact of Optimization'!M" & 4 + (ROW(A6)-1)*4)} -> 5544.8567 | J10: {=INDIRECT("'C Impact of Optimization'!Q" & 3 + (ROW(A6)-1)*4)*100} -> 1.2963643 | K10: 2.5515076e-09 | L10: large | M10: T10 | N10: {=INDIRECT("'C Impact of Optimization'!D" & 5 + (ROW(A6)-1)*4)} -> 1.052 | O10: {=INDIRECT("'C Impact of Optimization'!D" & 6 + (ROW(A6)-1)*4)} -> 0.526 | P10: {=INDIRECT("'C Impact of Optimization'!N" & 5 + (ROW(A6)-1)*4)*100} -> -50 | Q10: 2.8719491e-11 | R10: null hypothesis cannot be rejected | S10: {=INDIRECT("'C Impact of Optimization'!M" & 5 + (ROW(A6)-1)*4)} -> 24.196 | T10: {=INDIRECT("'C Impact of Optimization'!M" & 6 + (ROW(A6)-1)*4)} -> 10.50422 | U10: {=INDIRECT("'C Impact of Optimization'!Q" & 5 + (ROW(A6)-1)*4)*100} -> -56.586957 | V10: 2.8719491e-11 | W10: large | X10: =AVERAGE(J10,U10) -> -27.645296 | Z10: >= 3 & < 25 | AA10: {=_xlfn.TEXTJOIN(", ", TRUE, IF((J5:J30 >= 3) * (J5:J30 < 25), B5:B30, ""))} | AC10: >= 3 & < 25 | AD10: {=_xlfn.TEXTJOIN(", ", TRUE, IF((U5:U30 >= 3) * (U5:U30 < 25), M5:M30, ""))} -> T9
B11: T11 | C11: {=INDIRECT("'C Impact of Optimization'!D" & 3 + (ROW(A7)-1)*4)} -> 2.095 | D11: {=INDIRECT("'C Impact of Optimization'!D" & 4 + (ROW(A7)-1)*4)} -> 1.047 | E11: {=INDIRECT("'C Impact of Optimization'!N" & 3 + (ROW(A7)-1)*4)*100} -> -50.023866 | F11: 2.8719491e-11 | G11: large | H11: {=INDIRECT("'C Impact of Optimization'!M" & 3 + (ROW(A7)-1)*4)} -> 79.8614 | I11: {=INDIRECT("'C Impact of Optimization'!M" & 4 + (ROW(A7)-1)*4)} -> 30.76086 | J11: {=INDIRECT("'C Impact of Optimization'!Q" & 3 + (ROW(A7)-1)*4)*100} -> -61.482193 | K11: 2.8719491e-11 | L11: large | M11: T11 | N11: {=INDIRECT("'C Impact of Optimization'!D" & 5 + (ROW(A7)-1)*4)} -> 2.094 | O11: {=INDIRECT("'C Impact of Optimization'!D" & 6 + (ROW(A7)-1)*4)} -> 1.047 | P11: {=INDIRECT("'C Impact of Optimization'!N" & 5 + (ROW(A7)-1)*4)*100} -> -50 | Q11: 2.8719491e-11 | R11: large | S11: {=INDIRECT("'C Impact of Optimization'!M" & 5 + (ROW(A7)-1)*4)} -> 79.73952 | T11: {=INDIRECT("'C Impact of Optimization'!M" & 6 + (ROW(A7)-1)*4)} -> 24.37416 | U11: {=INDIRECT("'C Impact of Optimization'!Q" & 5 + (ROW(A7)-1)*4)*100} -> -69.432773 | V11: 2.8719491e-11 | W11: large | X11: =AVERAGE(J11,U11) -> -65.457483 | Z11: >= 25 & < 75 | AA11: {=_xlfn.TEXTJOIN(", ", TRUE, IF((J5:J30 >= 25) * (J5:J30 < 75), B5:B30, ""))} | AC11: >= 25 & < 75 | AD11: {=_xlfn.TEXTJOIN(", ", TRUE, IF((U5:U30 >= 25) * (U5:U30 < 75), M5:M30, ""))}
B12: T12 | C12: {=INDIRECT("'C Impact of Optimization'!D" & 3 + (ROW(A8)-1)*4)} -> 1.047 | D12: {=INDIRECT("'C Impact of Optimization'!D" & 4 + (ROW(A8)-1)*4)} -> 1.047 | E12: {=INDIRECT("'C Impact of Optimization'!N" & 3 + (ROW(A8)-1)*4)*100} -> 0 | F12: 2.8715848e-10 | G12: large | H12: {=INDIRECT("'C Impact of Optimization'!M" & 3 + (ROW(A8)-1)*4)} -> 27.38952 | I12: {=INDIRECT("'C Impact of Optimization'!M" & 4 + (ROW(A8)-1)*4)} -> 25.22223 | J12: {=INDIRECT("'C Impact of Optimization'!Q" & 3 + (ROW(A8)-1)*4)*100} -> -7.912844 | K12: 2.8719491e-11 | L12: large | M12: T12 | N12: {=INDIRECT("'C Impact of Optimization'!D" & 5 + (ROW(A8)-1)*4)} -> 1.047 | O12: {=INDIRECT("'C Impact of Optimization'!D" & 6 + (ROW(A8)-1)*4)} -> 0.611 | P12: {=INDIRECT("'C Impact of Optimization'!N" & 5 + (ROW(A8)-1)*4)*100} -> -41.642789 | Q12: 2.2272693e-09 | R12: large | S12: {=INDIRECT("'C Impact of Optimization'!M" & 5 + (ROW(A8)-1)*4)} -> 23.52609 | T12: {=INDIRECT("'C Impact of Optimization'!M" & 6 + (ROW(A8)-1)*4)} -> 10.99189 | U12: {=INDIRECT("'C Impact of Optimization'!Q" & 5 + (ROW(A8)-1)*4)*100} -> -53.277872 | V12: 2.8719491e-11 | W12: large | X12: =AVERAGE(J12,U12) -> -30.595358 | Z12: >= 75 | AA12: {=_xlfn.TEXTJOIN(", ", TRUE, IF(J5:J30 >= 75, B5:B30, ""))} -> T8 | AC12: >= 75 | AD12: {=_xlfn.TEXTJOIN(", ", TRUE, IF(U5:U30 >= 75, M5:M30, ""))}
B13: T13 | C13: {=INDIRECT("'C Impact of Optimization'!D" & 3 + (ROW(A9)-1)*4)} -> 8.378 | D13: {=INDIRECT("'C Impact of Optimization'!D" & 4 + (ROW(A9)-1)*4)} -> 6.283 | E13: {=INDIRECT("'C Impact of Optimization'!N" & 3 + (ROW(A9)-1)*4)*100} -> -25.005968 | F13: 2.8719491e-11 | G13: large | H13: {=INDIRECT("'C Impact of Optimization'!M" & 3 + (ROW(A9)-1)*4)} -> 455.00918 | I13: {=INDIRECT("'C Impact of Optimization'!M" & 4 + (ROW(A9)-1)*4)} -> 327.09298 | J13: {=INDIRECT("'C Impact of Optimization'!Q" & 3 + (ROW(A9)-1)*4)*100} -> -28.112883 | K13: 2.8719491e-11 | L13: large | M13: T13 | N13: {=INDIRECT("'C Impact of Optimization'!D" & 5 + (ROW(A9)-1)*4)} -> 8.474 | O13: {=INDIRECT("'C Impact of Optimization'!D" & 6 + (ROW(A9)-1)*4)} -> 6.308 | P13: {=INDIRECT("'C Impact of Optimization'!N" & 5 + (ROW(A9)-1)*4)*100} -> -25.560538 | Q13: 2.8719491e-11 | R13: large | S13: {=INDIRECT("'C Impact of Optimization'!M" & 5 + (ROW(A9)-1)*4)} -> 452.17264 | T13: {=INDIRECT("'C Impact of Optimization'!M" & 6 + (ROW(A9)-1)*4)} -> 299.37768 | U13: {=INDIRECT("'C Impact of Optimization'!Q" & 5 + (ROW(A9)-1)*4)*100} -> -33.791288 | V13: 2.8719491e-11 | W13: large | X13: =AVERAGE(J13,U13) -> -30.952086
B14: T16 | C14: {=INDIRECT("'C Impact of Optimization'!D" & 3 + (ROW(A10)-1)*4)} -> 1.047 | D14: {=INDIRECT("'C Impact of Optimization'!D" & 4 + (ROW(A10)-1)*4)} -> 1.047 | E14: {=INDIRECT("'C Impact of Optimization'!N" & 3 + (ROW(A10)-1)*4)*100} -> 0 | F14: 1.8567337e-09 | G14: large | H14: {=INDIRECT("'C Impact of Optimization'!M" & 3 + (ROW(A10)-1)*4)} -> 24.26946 | I14: {=INDIRECT("'C Impact of Optimization'!M" & 4 + (ROW(A10)-1)*4)} -> 23.5575 | J14: {=INDIRECT("'C Impact of Optimization'!Q" & 3 + (ROW(A10)-1)*4)*100} -> -2.9335634 | K14: 2.8719491e-11 | L14: large | M14: T16 | N14: {=INDIRECT("'C Impact of Optimization'!D" & 5 + (ROW(A10)-1)*4)} -> 1.047 | O14: {=INDIRECT("'C Impact of Optimization'!D" & 6 + (ROW(A10)-1)*4)} -> 1.047 | P14: {=INDIRECT("'C Impact of Optimization'!N" & 5 + (ROW(A10)-1)*4)*100} -> 0 | Q14: 2.493444e-08 | R14: large | S14: {=INDIRECT("'C Impact of Optimization'!M" & 5 + (ROW(A10)-1)*4)} -> 22.25922 | T14: {=INDIRECT("'C Impact of Optimization'!M" & 6 + (ROW(A10)-1)*4)} -> 21.87183 | U14: {=INDIRECT("'C Impact of Optimization'!Q" & 5 + (ROW(A10)-1)*4)*100} -> -1.7403575 | V14: 3.1752172e-11 | W14: large | X14: =AVERAGE(J14,U14) -> -2.3369604
B15: T17 | C15: {=INDIRECT("'C Impact of Optimization'!D" & 3 + (ROW(A11)-1)*4)} -> 1.047 | D15: {=INDIRECT("'C Impact of Optimization'!D" & 4 + (ROW(A11)-1)*4)} -> 1.047 | E15: {=INDIRECT("'C Impact of Optimization'!N" & 3 + (ROW(A11)-1)*4)*100} -> 0 | F15: 7.6949636e-08 | G15: large | H15: {=INDIRECT("'C Impact of Optimization'!M" & 3 + (ROW(A11)-1)*4)} -> 24.48933 | I15: {=INDIRECT("'C Impact of Optimization'!M" & 4 + (ROW(A11)-1)*4)} -> 23.88207 | J15: {=INDIRECT("'C Impact of Optimization'!Q" & 3 + (ROW(A11)-1)*4)*100} -> -2.4796922 | K15: 3.5097577e-11 | L15: large | M15: T17 | N15: {=INDIRECT("'C Impact of Optimization'!D" & 5 + (ROW(A11)-1)*4)} -> 1.047 | O15: {=INDIRECT("'C Impact of Optimization'!D" & 6 + (ROW(A11)-1)*4)} -> 1.047 | P15: {=INDIRECT("'C Impact of Optimization'!N" & 5 + (ROW(A11)-1)*4)*100} -> 0 | Q15: 4.0771648e-11 | R15: large | S15: {=INDIRECT("'C Impact of Optimization'!M" & 5 + (ROW(A11)-1)*4)} -> 24.03912 | T15: {=INDIRECT("'C Impact of Optimization'!M" & 6 + (ROW(A11)-1)*4)} -> 23.71455 | U15: {=INDIRECT("'C Impact of Optimization'!Q" & 5 + (ROW(A11)-1)*4)*100} -> -1.3501742 | V15: 3.5097577e-11 | W15: large | X15: =AVERAGE(J15,U15) -> -1.9149332
B16: T19 | C16: {=INDIRECT("'C Impact of Optimization'!D" & 3 + (ROW(A12)-1)*4)} -> 12.95 | D16: {=INDIRECT("'C Impact of Optimization'!D" & 4 + (ROW(A12)-1)*4)} -> 1.57 | E16: {=INDIRECT("'C Impact of Optimization'!N" & 3 + (ROW(A12)-1)*4)*100} -> -87.876448 | F16: 2.8719491e-11 | G16: large | H16: {=INDIRECT("'C Impact of Optimization'!M" & 3 + (ROW(A12)-1)*4)} -> 661.6155 | I16: {=INDIRECT("'C Impact of Optimization'!M" & 4 + (ROW(A12)-1)*4)} -> 51.3076 | J16: {=INDIRECT("'C Impact of Optimization'!Q" & 3 + (ROW(A12)-1)*4)*100} -> -92.245103 | K16: 2.8719491e-11 | L16: large | M16: T19 | N16: {=INDIRECT("'C Impact of Optimization'!D" & 5 + (ROW(A12)-1)*4)} -> 12.733 | O16: {=INDIRECT("'C Impact of Optimization'!D" & 6 + (ROW(A12)-1)*4)} -> 1.577 | P16: {=INDIRECT("'C Impact of Optimization'!N" & 5 + (ROW(A12)-1)*4)*100} -> -87.614859 | Q16: 2.8719491e-11 | R16: large | S16: {=INDIRECT("'C Impact of Optimization'!M" & 5 + (ROW(A12)-1)*4)} -> 681.97948 | T16: {=INDIRECT("'C Impact of Optimization'!M" & 6 + (ROW(A12)-1)*4)} -> 57.97052 | U16: {=INDIRECT("'C Impact of Optimization'!Q" & 5 + (ROW(A12)-1)*4)*100} -> -91.499668 | V16: 2.8719491e-11 | W16: large | X16: =AVERAGE(J16,U16) -> -91.872386
B17: T20 | C17: {=INDIRECT("'C Impact of Optimization'!D" & 3 + (ROW(A13)-1)*4)} -> 8.901 | D17: {=INDIRECT("'C Impact of Optimization'!D" & 4 + (ROW(A13)-1)*4)} -> 1.1 | E17: {=INDIRECT("'C Impact of Optimization'!N" & 3 + (ROW(A13)-1)*4)*100} -> -87.641838 | F17: 2.8719491e-11 | G17: large | H17: {=INDIRECT("'C Impact of Optimization'!M" & 3 + (ROW(A13)-1)*4)} -> 423.06453 | I17: {=INDIRECT("'C Impact of Optimization'!M" & 4 + (ROW(A13)-1)*4)} -> 29.491 | J17: {=INDIRECT("'C Impact of Optimization'!Q" & 3 + (ROW(A13)-1)*4)*100} -> -93.029196 | K17: 2.8719491e-11 | L17: large | M17: T20 | N17: {=INDIRECT("'C Impact of Optimization'!D" & 5 + (ROW(A13)-1)*4)} -> 3.142 | O17: {=INDIRECT("'C Impact of Optimization'!D" & 6 + (ROW(A13)-1)*4)} -> 1.576 | P17: {=INDIRECT("'C Impact of Optimization'!N" & 5 + (ROW(A13)-1)*4)*100} -> -49.840866 | Q17: 2.8719491e-11 | R17: large | S17: {=INDIRECT("'C Impact of Optimization'!M" & 5 + (ROW(A13)-1)*4)} -> 138.84498 | T17: {=INDIRECT("'C Impact of Optimization'!M" & 6 + (ROW(A13)-1)*4)} -> 44.19104 | U17: {=INDIRECT("'C Impact of Optimization'!Q" & 5 + (ROW(A13)-1)*4)*100} -> -68.172389 | V17: 2.8719491e-11 | W17: large | X17: =AVERAGE(J17,U17) -> -80.600792
B18: T25 | C18: {=INDIRECT("'C Impact of Optimization'!D" & 3 + (ROW(A14)-1)*4)} -> 18.85 | D18: {=INDIRECT("'C Impact of Optimization'!D" & 4 + (ROW(A14)-1)*4)} -> 4.729 | E18: {=INDIRECT("'C Impact of Optimization'!N" & 3 + (ROW(A14)-1)*4)*100} -> -74.912467 | F18: 2.8719491e-11 | G18: large | H18: {=INDIRECT("'C Impact of Optimization'!M" & 3 + (ROW(A14)-1)*4)} -> 1018.0885 | I18: {=INDIRECT("'C Impact of Optimization'!M" & 4 + (ROW(A14)-1)*4)} -> 222.87777 | J18: {=INDIRECT("'C Impact of Optimization'!Q" & 3 + (ROW(A14)-1)*4)*100} -> -78.108213 | K18: 2.8719491e-11 | L18: large | M18: T25 | N18: {=INDIRECT("'C Impact of Optimization'!D" & 5 + (ROW(A14)-1)*4)} -> 15.737 | O18: {=INDIRECT("'C Impact of Optimization'!D" & 6 + (ROW(A14)-1)*4)} -> 3.682 | P18: {=INDIRECT("'C Impact of Optimization'!N" & 5 + (ROW(A14)-1)*4)*100} -> -76.60291 | Q18: 2.8719491e-11 | R18: large | S18: {=INDIRECT("'C Impact of Optimization'!M" & 5 + (ROW(A14)-1)*4)} -> 837.05103 | T18: {=INDIRECT("'C Impact of Optimization'!M" & 6 + (ROW(A14)-1)*4)} -> 169.1879 | U18: {=INDIRECT("'C Impact of Optimization'!Q" & 5 + (ROW(A14)-1)*4)*100} -> -79.787624 | V18: 2.8719491e-11 | W18: large | X18: =AVERAGE(J18,U18) -> -78.947918
B19: T26 | C19: {=INDIRECT("'C Impact of Optimization'!D" & 3 + (ROW(A15)-1)*4)} -> 18.325 | D19: {=INDIRECT("'C Impact of Optimization'!D" & 4 + (ROW(A15)-1)*4)} -> 5.254 | E19: {=INDIRECT("'C Impact of Optimization'!N" & 3 + (ROW(A15)-1)*4)*100} -> -71.328786 | F19: 2.8719491e-11 | G19: large | H19: {=INDIRECT("'C Impact of Optimization'!M" & 3 + (ROW(A15)-1)*4)} -> 918.449 | I19: {=INDIRECT("'C Impact of Optimization'!M" & 4 + (ROW(A15)-1)*4)} -> 237.16556 | J19: {=INDIRECT("'C Impact of Optimization'!Q" & 3 + (ROW(A15)-1)*4)*100} -> -74.177602 | K19: 2.8719491e-11 | L19: large | M19: T26 | N19: {=INDIRECT("'C Impact of Optimization'!D" & 5 + (ROW(A15)-1)*4)} -> 18.927 | O19: {=INDIRECT("'C Impact of Optimization'!D" & 6 + (ROW(A15)-1)*4)} -> 1.087 | P19: {=INDIRECT("'C Impact of Optimization'!N" & 5 + (ROW(A15)-1)*4)*100} -> -94.256882 | Q19: 2.8719491e-11 | R19: large | S19: {=INDIRECT("'C Impact of Optimization'!M" & 5 + (ROW(A15)-1)*4)} -> 907.73892 | T19: {=INDIRECT("'C Impact of Optimization'!M" & 6 + (ROW(A15)-1)*4)} -> 25.94669 | U19: {=INDIRECT("'C Impact of Optimization'!Q" & 5 + (ROW(A15)-1)*4)*100} -> -97.141613 | V19: 2.8719491e-11 | W19: large | X19: =AVERAGE(J19,U19) -> -85.659607
B20: T28 | C20: {=INDIRECT("'C Impact of Optimization'!D" & 3 + (ROW(A16)-1)*4)} -> 9.948 | D20: {=INDIRECT("'C Impact of Optimization'!D" & 4 + (ROW(A16)-1)*4)} -> 2.705 | E20: {=INDIRECT("'C Impact of Optimization'!N" & 3 + (ROW(A16)-1)*4)*100} -> -72.808605 | F20: 2.8719491e-11 | G20: large | H20: {=INDIRECT("'C Impact of Optimization'!M" & 3 + (ROW(A16)-1)*4)} -> 531.42216 | I20: {=INDIRECT("'C Impact of Optimization'!M" & 4 + (ROW(A16)-1)*4)} -> 116.61255 | J20: {=INDIRECT("'C Impact of Optimization'!Q" & 3 + (ROW(A16)-1)*4)*100} -> -78.056513 | K20: 2.8719491e-11 | L20: large | M20: T28 | N20: {=INDIRECT("'C Impact of Optimization'!D" & 5 + (ROW(A16)-1)*4)} -> 13.655 | O20: {=INDIRECT("'C Impact of Optimization'!D" & 6 + (ROW(A16)-1)*4)} -> 3.153 | P20: {=INDIRECT("'C Impact of Optimization'!N" & 5 + (ROW(A16)-1)*4)*100} -> -76.909557 | Q20: 2.8719491e-11 | R20: large | S20: {=INDIRECT("'C Impact of Optimization'!M" & 5 + (ROW(A16)-1)*4)} -> 747.06505 | T20: {=INDIRECT("'C Impact of Optimization'!M" & 6 + (ROW(A16)-1)*4)} -> 134.0025 | U20: {=INDIRECT("'C Impact of Optimization'!Q" & 5 + (ROW(A16)-1)*4)*100} -> -82.062807 | V20: 2.8719491e-11 | W20: large | X20: =AVERAGE(J20,U20) -> -80.05966
B21: T29 | C21: {=INDIRECT("'C Impact of Optimization'!D" & 3 + (ROW(A17)-1)*4)} -> 1.047 | D21: {=INDIRECT("'C Impact of Optimization'!D" & 4 + (ROW(A17)-1)*4)} -> 0.524 | E21: {=INDIRECT("'C Impact of Optimization'!N" & 3 + (ROW(A17)-1)*4)*100} -> -49.952245 | F21: 2.8719491e-11 | G21: large | H21: {=INDIRECT("'C Impact of Optimization'!M" & 3 + (ROW(A17)-1)*4)} -> 20.89812 | I21: {=INDIRECT("'C Impact of Optimization'!M" & 4 + (ROW(A17)-1)*4)} -> 10.19704 | J21: {=INDIRECT("'C Impact of Optimization'!Q" & 3 + (ROW(A17)-1)*4)*100} -> -51.205946 | K21: 2.8719491e-11 | L21: large | M21: T29 | N21: {=INDIRECT("'C Impact of Optimization'!D" & 5 + (ROW(A17)-1)*4)} -> 1.047 | O21: {=INDIRECT("'C Impact of Optimization'!D" & 6 + (ROW(A17)-1)*4)} -> 0.523 | P21: {=INDIRECT("'C Impact of Optimization'!N" & 5 + (ROW(A17)-1)*4)*100} -> -50.047755 | Q21: 2.8719491e-11 | R21: large | S21: {=INDIRECT("'C Impact of Optimization'!M" & 5 + (ROW(A17)-1)*4)} -> 21.15987 | T21: {=INDIRECT("'C Impact of Optimization'!M" & 6 + (ROW(A17)-1)*4)} -> 10.26126 | U21: {=INDIRECT("'C Impact of Optimization'!Q" & 5 + (ROW(A17)-1)*4)*100} -> -51.506035 | V21: 2.8719491e-11 | W21: large | X21: =AVERAGE(J21,U21) -> -51.35599
B22: T31 | C22: {=INDIRECT("'C Impact of Optimization'!D" & 3 + (ROW(A18)-1)*4)} -> 16.18 | D22: {=INDIRECT("'C Impact of Optimization'!D" & 4 + (ROW(A18)-1)*4)} -> 12.467 | E22: {=INDIRECT("'C Impact of Optimization'!N" & 3 + (ROW(A18)-1)*4)*100} -> -22.948084 | F22: 2.8719491e-11 | G22: large | H22: {=INDIRECT("'C Impact of Optimization'!M" & 3 + (ROW(A18)-1)*4)} -> 1067.2328 | I22: {=INDIRECT("'C Impact of Optimization'!M" & 4 + (ROW(A18)-1)*4)} -> 850.62341 | J22: {=INDIRECT("'C Impact of Optimization'!Q" & 3 + (ROW(A18)-1)*4)*100} -> -20.296358 | K22: 2.8719491e-11 | L22: large | M22: T31 | N22: {=INDIRECT("'C Impact of Optimization'!D" & 5 + (ROW(A18)-1)*4)} -> 23.395 | O22: {=INDIRECT("'C Impact of Optimization'!D" & 6 + (ROW(A18)-1)*4)} -> 17.895 | P22: {=INDIRECT("'C Impact of Optimization'!N" & 5 + (ROW(A18)-1)*4)*100} -> -23.509297 | Q22: 2.8719491e-11 | R22: large | S22: {=INDIRECT("'C Impact of Optimization'!M" & 5 + (ROW(A18)-1)*4)} -> 1591.7958 | T22: {=INDIRECT("'C Impact of Optimization'!M" & 6 + (ROW(A18)-1)*4)} -> 1205.2282 | U22: {=INDIRECT("'C Impact of Optimization'!Q" & 5 + (ROW(A18)-1)*4)*100} -> -24.284996 | V22: 2.8719491e-11 | W22: large | X22: =AVERAGE(J22,U22) -> -22.290677
B23: T32 | C23: {=INDIRECT("'C Impact of Optimization'!D" & 3 + (ROW(A19)-1)*4)} -> 1.047 | D23: {=INDIRECT("'C Impact of Optimization'!D" & 4 + (ROW(A19)-1)*4)} -> 1.047 | E23: {=INDIRECT("'C Impact of Optimization'!N" & 3 + (ROW(A19)-1)*4)*100} -> 0 | F23: 2.8719491e-11 | G23: large | H23: {=INDIRECT("'C Impact of Optimization'!M" & 3 + (ROW(A19)-1)*4)} -> 32.22666 | I23: {=INDIRECT("'C Impact of Optimization'!M" & 4 + (ROW(A19)-1)*4)} -> 25.24317 | J23: {=INDIRECT("'C Impact of Optimization'!Q" & 3 + (ROW(A19)-1)*4)*100} -> -21.669916 | K23: 2.8719491e-11 | L23: large | M23: T32 | N23: {=INDIRECT("'C Impact of Optimization'!D" & 5 + (ROW(A19)-1)*4)} -> 1.048 | O23: {=INDIRECT("'C Impact of Optimization'!D" & 6 + (ROW(A19)-1)*4)} -> 1.047 | P23: {=INDIRECT("'C Impact of Optimization'!N" & 5 + (ROW(A19)-1)*4)*100} -> -0.095419847 | Q23: 2.8719491e-11 | R23: large | S23: {=INDIRECT("'C Impact of Optimization'!M" & 5 + (ROW(A19)-1)*4)} -> 31.74392 | T23: {=INDIRECT("'C Impact of Optimization'!M" & 6 + (ROW(A19)-1)*4)} -> 24.63591 | U23: {=INDIRECT("'C Impact of Optimization'!Q" & 5 + (ROW(A19)-1)*4)*100} -> -22.391721 | V23: 2.8719491e-11 | W23: large | X23: =AVERAGE(J23,U23) -> -22.030818
B24: T33 | C24: {=INDIRECT("'C Impact of Optimization'!D" & 3 + (ROW(A20)-1)*4)} -> 1.047 | D24: {=INDIRECT("'C Impact of Optimization'!D" & 4 + (ROW(A20)-1)*4)} -> 1.047 | E24: {=INDIRECT("'C Impact of Optimization'!N" & 3 + (ROW(A20)-1)*4)*100} -> 0 | F24: 0.44641944 | G24: null hypothesis cannot be rejected | H24: {=INDIRECT("'C Impact of Optimization'!M" & 3 + (ROW(A20)-1)*4)} -> 27.39999 | I24: {=INDIRECT("'C Impact of Optimization'!M" & 4 + (ROW(A20)-1)*4)} -> 22.24875 | J24: {=INDIRECT("'C Impact of Optimization'!Q" & 3 + (ROW(A20)-1)*4)*100} -> -18.800153 | K24: 2.0532683e-10 | L24: large | M24: T33 | N24: {=INDIRECT("'C Impact of Optimization'!D" & 5 + (ROW(A20)-1)*4)} -> 1.047 | O24: {=INDIRECT("'C Impact of Optimization'!D" & 6 + (ROW(A20)-1)*4)} -> 1.047 | P24: {=INDIRECT("'C Impact of Optimization'!N" & 5 + (ROW(A20)-1)*4)*100} -> 0 | Q24: 0.93519197 | R24: null hypothesis cannot be rejected | S24: {=INDIRECT("'C Impact of Optimization'!M" & 5 + (ROW(A20)-1)*4)} -> 27.00213 | T24: {=INDIRECT("'C Impact of Optimization'!M" & 6 + (ROW(A20)-1)*4)} -> 23.7669 | U24: {=INDIRECT("'C Impact of Optimization'!Q" & 5 + (ROW(A20)-1)*4)*100} -> -11.981388 | V24: 2.7141182e-08 | W24: large | X24: =AVERAGE(J24,U24) -> -15.39077
... B30: T51 | C30: {=INDIRECT("'C Impact of Optimization'!D" & 3 + (ROW(A26)-1)*4)} -> 90.43 | D30: {=INDIRECT("'C Impact of Optimization'!D" & 4 + (ROW(A26)-1)*4)} -> 33.163 | E30: {=INDIRECT("'C Impact of Optimization'!N" & 3 + (ROW(A26)-1)*4)*100} -> -63.327436 | F30: 2.8719491e-11 | G30: large | H30: {=INDIRECT("'C Impact of Optimization'!M" & 3 + (ROW(A26)-1)*4)} -> 5767.6254 | I30: {=INDIRECT("'C Impact of Optimization'!M" & 4 + (ROW(A26)-1)*4)} -> 2127.7381 | J30: {=INDIRECT("'C Impact of Optimization'!Q" & 3 + (ROW(A26)-1)*4)*100} -> -63.108941 | K30: 2.8719491e-11 | L30: large | M30: T51 | N30: {=INDIRECT("'C Impact of Optimization'!D" & 5 + (ROW(A26)-1)*4)} -> 66.108 | O30: {=INDIRECT("'C Impact of Optimization'!D" & 6 + (ROW(A26)-1)*4)} -> 24.194 | P30: {=INDIRECT("'C Impact of Optimization'!N" & 5 + (ROW(A26)-1)*4)*100} -> -63.402311 | Q30: 2.8719491e-11 | R30: large | S30: {=INDIRECT("'C Impact of Optimization'!M" & 5 + (ROW(A26)-1)*4)} -> 4180.6699 | T30: {=INDIRECT("'C Impact of Optimization'!M" & 6 + (ROW(A26)-1)*4)} -> 1511.1572 | U30: {=INDIRECT("'C Impact of Optimization'!Q" & 5 + (ROW(A26)-1)*4)*100} -> -63.853706 | V30: 2.8719491e-11 | W30: large | X30: =AVERAGE(J30,U30) -> -63.481324
B32: Impact
B33: Energy consumption (J) | G33: Energy consumption (J) | L33: Energy consumption (J)
B34: Test1 | G34: Test2 | L34: Test1 + Test2
B35: Impact | C35: Average | D35: Min | E35: Max | G35: Impact | H35: Average | I35: Min | J35: Max | L35: Impact | M35: Average | N35: Min | O35: Max
B36: Reduction | C36: {=AVERAGE(_xlfn._xlws.FILTER($J$5:$J$30, ISNUMBER(MATCH($B$5:$B$30, _xlfn.TEXTSPLIT(_xlfn.TEXTJOIN(", ", TRUE, AA6:AA8), ", "), 0))))} -> -55.925205 | D36: {=MIN(_xlfn._xlws.FILTER($J$5:$J$30, ISNUMBER(MATCH($B$5:$B$30, _xlfn.TEXTSPLIT(_xlfn.TEXTJOIN(", ", TRUE, AA6:AA8), ", "), 0))))} -> -95.999619 | E36: {=MAX(_xlfn._xlws.FILTER($J$5:$J$30, ISNUMBER(MATCH($B$5:$B$30, _xlfn.TEXTSPLIT(_xlfn.TEXTJOIN(", ", TRUE, AA6:AA8), ", "), 0))))} -> -4.5255474 | G36: Reduction | H36: {=AVERAGE(_xlfn._xlws.FILTER($U$5:$U$30, ISNUMBER(MATCH($M$5:$M$30, _xlfn.TEXTSPLIT(_xlfn.TEXTJOIN(", ", TRUE, AD6:AD8), ", "), 0))))} -> -63.083946 | I36: {=MIN(_xlfn._xlws.FILTER($U$5:$U$30, ISNUMBER(MATCH($M$5:$M$30, _xlfn.TEXTSPLIT(_xlfn.TEXTJOIN(", ", TRUE, AD6:AD8), ", "), 0))))} -> -97.141613 | J36: {=MAX(_xlfn._xlws.FILTER($U$5:$U$30, ISNUMBER(MATCH($M$5:$M$30, _xlfn.TEXTSPLIT(_xlfn.TEXTJOIN(", ", TRUE, AD6:AD8), ", "), 0))))} -> -3.6309127 | L36: Reduction | M36: =AVERAGE(C36,H36) -> -59.504576 | N36: =MIN(D36,I36) -> -97.141613 | O36: =MAX(E36,J36) -> -3.6309127
B37: No impact | C37: {=AVERAGE(_xlfn._xlws.FILTER($J$5:$J$30, ISNUMBER(MATCH($B$5:$B$30, _xlfn.TEXTSPLIT(_xlfn.TEXTJOIN(", ", TRUE, AA9), ", "), 0))))} -> -1.3722971 | D37: {=MIN(_xlfn._xlws.FILTER($J$5:$J$30, ISNUMBER(MATCH($B$5:$B$30, _xlfn.TEXTSPLIT(_xlfn.TEXTJOIN(", ", TRUE, AA9), ", "), 0))))} -> -2.9335634 | E37: {=MAX(_xlfn._xlws.FILTER($J$5:$J$30, ISNUMBER(MATCH($B$5:$B$30, _xlfn.TEXTSPLIT(_xlfn.TEXTJOIN(", ", TRUE, AA9), ", "), 0))))} -> 1.2963643 | G37: No impact | H37: {=AVERAGE(_xlfn._xlws.FILTER($U$5:$U$30, ISNUMBER(MATCH($M$5:$M$30, _xlfn.TEXTSPLIT(_xlfn.TEXTJOIN(", ", TRUE, AD9), ", "), 0))))} -> -0.30456514 | I37: {=MIN(_xlfn._xlws.FILTER($U$5:$U$30, ISNUMBER(MATCH($M$5:$M$30, _xlfn.TEXTSPLIT(_xlfn.TEXTJOIN(", ", TRUE, AD9), ", "), 0))))} -> -1.7403575 | J37: {=MAX(_xlfn._xlws.FILTER($U$5:$U$30, ISNUMBER(MATCH($M$5:$M$30, _xlfn.TEXTSPLIT(_xlfn.TEXTJOIN(", ", TRUE, AD9), ", "), 0))))} -> 2.1768363 | L37: No impact | M37: =AVERAGE(C37,H37) -> -0.83843112 | N37: =MIN(D37,I37) -> -2.9335634 | O37: =MAX(E37,J37) -> 2.1768363
B38: Increase | C38: {=AVERAGE(_xlfn._xlws.FILTER($J$5:$J$30, ISNUMBER(MATCH($B$5:$B$30, _xlfn.TEXTSPLIT(_xlfn.TEXTJOIN(", ", TRUE, AA10:AA12), ", "), 0))))} -> 352.33469 | D38: {=MIN(_xlfn._xlws.FILTER($J$5:$J$30, ISNUMBER(MATCH($B$5:$B$30, _xlfn.TEXTSPLIT(_xlfn.TEXTJOIN(", ", TRUE, AA10:AA12), ", "), 0))))} -> 352.33469 | E38: {=MAX(_xlfn._xlws.FILTER($J$5:$J$30, ISNUMBER(MATCH($B$5:$B$30, _xlfn.TEXTSPLIT(_xlfn.TEXTJOIN(", ", TRUE, AA10:AA12), ", "), 0))))} -> 352.33469 | G38: Increase | H38: {=AVERAGE(_xlfn._xlws.FILTER($U$5:$U$30, ISNUMBER(MATCH($M$5:$M$30, _xlfn.TEXTSPLIT(_xlfn.TEXTJOIN(", ", TRUE, AD10:AD12), ", "), 0))))} -> 3.1931069 | I38: {=MIN(_xlfn._xlws.FILTER($U$5:$U$30, ISNUMBER(MATCH($M$5:$M$30, _xlfn.TEXTSPLIT(_xlfn.TEXTJOIN(", ", TRUE, AD10:AD12), ", "), 0))))} -> 3.1931069 | J38: {=MAX(_xlfn._xlws.FILTER($U$5:$U$30, ISNUMBER(MATCH($M$5:$M$30, _xlfn.TEXTSPLIT(_xlfn.TEXTJOIN(", ", TRUE, AD10:AD12), ", "), 0))))} -> 3.1931069 | L38: Increase | M38: =AVERAGE(C38,H38) -> 177.7639 | N38: =MIN(D38,I38) -> 3.1931069 | O38: =MAX(E38,J38) -> 352.33469
B39: Total | C39: {=AVERAGE(_xlfn._xlws.FILTER($J$5:$J$30, ISNUMBER(MATCH($B$5:$B$30, _xlfn.TEXTSPLIT(_xlfn.TEXTJOIN(", ", TRUE, AA6:AA12), ", "), 0))))} -> -33.928335 | D39: {=MIN(_xlfn._xlws.FILTER($J$5:$J$30, ISNUMBER(MATCH($B$5:$B$30, _xlfn.TEXTSPLIT(_xlfn.TEXTJOIN(", ", TRUE, AA6:AA12), ", "), 0))))} -> -95.999619 | E39: {=MAX(_xlfn._xlws.FILTER($J$5:$J$30, ISNUMBER(MATCH($B$5:$B$30, _xlfn.TEXTSPLIT(_xlfn.TEXTJOIN(", ", TRUE, AA6:AA12), ", "), 0))))} -> 352.33469 | G39: Total | H39: {=AVERAGE(_xlfn._xlws.FILTER($U$5:$U$30, ISNUMBER(MATCH($M$5:$M$30, _xlfn.TEXTSPLIT(_xlfn.TEXTJOIN(", ", TRUE, AD6:AD12), ", "), 0))))} -> -53.291054 | I39: {=MIN(_xlfn._xlws.FILTER($U$5:$U$30, ISNUMBER(MATCH($M$5:$M$30, _xlfn.TEXTSPLIT(_xlfn.TEXTJOIN(", ", TRUE, AD6:AD12), ", "), 0))))} -> -97.141613 | J39: {=MAX(_xlfn._xlws.FILTER($U$5:$U$30, ISNUMBER(MATCH($M$5:$M$30, _xlfn.TEXTSPLIT(_xlfn.TEXTJOIN(", ", TRUE, AD6:AD12), ", "), 0))))} -> 3.1931069 | L39: Total | M39: =AVERAGE(C39,H39) -> -43.609695 | N39: =MIN(D39,I39) -> -97.141613 | O39: =MAX(E39,J39) -> 352.33469
B41: Techniques
B42: Energy consumption (J) | G42: Energy consumption (J) | L42: Energy consumption (J)
B43: Test1 | G43: Test2 | L43: Test1 + Test2
B44: Impact | C44: Nº | E44: % | G44: Impact | H44: Nº | J44: % | L44: Impact | M44: Nº | O44: %
B45: Reduction | C45: {=COUNT(_xlfn._xlws.FILTER($J$5:$J$30, ISNUMBER(MATCH($B$5:$B$30, _xlfn.TEXTSPLIT(_xlfn.TEXTJOIN(", ", TRUE, AA6:AA8), ", "), 0))))} -> 22 | E45: =C45/C$48 -> 0.84615385 | G45: Reduction | H45: {=COUNT(_xlfn._xlws.FILTER($U$5:$U$30, ISNUMBER(MATCH($M$5:$M$30, _xlfn.TEXTSPLIT(_xlfn.TEXTJOIN(", ", TRUE, AD6:AD8), ", "), 0))))} -> 22 | J45: =H45/H$48 -> 0.84615385 | L45: Reduction | M45: =SUM(C45,H45) -> 44 | O45: =M45/M$48 -> 0.84615385
B46: No impact | C46: {=COUNT(_xlfn._xlws.FILTER($J$5:$J$30, ISNUMBER(MATCH($B$5:$B$30, _xlfn.TEXTSPLIT(_xlfn.TEXTJOIN(", ", TRUE, AA9), ", "), 0))))} -> 3 | E46: =C46/C$48 -> 0.11538462 | G46: No impact | H46: {=COUNT(_xlfn._xlws.FILTER($U$5:$U$30, ISNUMBER(MATCH($M$5:$M$30, _xlfn.TEXTSPLIT(_xlfn.TEXTJOIN(", ", TRUE, AD9), ", "), 0))))} -> 3 | J46: =H46/H$48 -> 0.11538462 | L46: No impact | M46: =SUM(C46,H46) -> 6 | O46: =M46/M$48 -> 0.11538462
B47: Increase | C47: {=COUNT(_xlfn._xlws.FILTER($J$5:$J$30, ISNUMBER(MATCH($B$5:$B$30, _xlfn.TEXTSPLIT(_xlfn.TEXTJOIN(", ", TRUE, AA10:AA12), ", "), 0))))} -> 1 | E47: =C47/C$48 -> 0.038461538 | G47: Increase | H47: {=COUNT(_xlfn._xlws.FILTER($U$5:$U$30, ISNUMBER(MATCH($M$5:$M$30, _xlfn.TEXTSPLIT(_xlfn.TEXTJOIN(", ", TRUE, AD10:AD12), ", "), 0))))} -> 1 | J47: =H47/H$48 -> 0.038461538 | L47: Increase | M47: =SUM(C47,H47) -> 2 | O47: =M47/M$48 -> 0.038461538
B48: Total | C48: =SUM(C45:D47) -> 26 | E48: =C48/C$48 -> 1 | G48: Total | H48: =SUM(H45:I47) -> 26 | J48: =H48/H$48 -> 1 | L48: Total | M48: =SUM(M45:N47) -> 52 | O48: =M48/M$48 -> 1

Sheet Python Impact of Technique
A1: Tecnica | B1: Code REPS | C1: Extrapolate | D1: Optimization | E1: Test | F1: Time (s) | G1: Power | J1: Consumption (with baseline) | M1: Consumption (without baseline) | P1: Consumption (without baseline) Extrapolate | S1: Impact of Optimization (O3-O0)/O0%
G2: HDD (w) | H2: CPU (w) | I2: DUT (w) | J2: HDD (J) | K2: CPU (J) | L2: DUT (J) | M2: HDD (J) | N2: CPU (J) | O2: DUT (J) | P2: HDD (J) | Q2: CPU (J) | R2: DUT (J) | S2: Time (s) | T2: HDD (J) | U2: CPU (J) | V2: DUT (J)
A3: T04 | B3: 100000000 | C3: =100000000/B3 -> 1 | E3: Test1 | F3: 85.152 | G3: 3.53 | H3: 29.51 | I3: 154.11 | J3: 300.58656 | K3: 2512.8355 | L3: 13122.775 | M3: 264.82272 | N3: 2463.4474 | O3: 5897.6275 | P3: =$C3*M3 -> 264.82272 | Q3: =$C3*N3 -> 2463.4474 | R3: =$C3*O3 -> 5897.6275 | S3: =(F4-F3)/F3 -> -0.43956689 | T3: =(P4-P3)/P3 -> -0.43956689 | U3: =(Q4-Q3)/Q3 -> -0.43704853 | V3: =(R4-R3)/R3 -> -0.43754396
B4: 100000000 | C4: =100000000/B4 -> 1 | E4: Test2 | F4: 47.722 | G4: 3.53 | H4: 29.64 | I4: 154.36 | J4: 168.45866 | K4: 1414.4801 | L4: 7366.3679 | M4: 148.41542 | N4: 1386.8013 | O4: 3317.1562 | P4: =C4*M4 -> 148.41542 | Q4: =$C4*N4 -> 1386.8013 | R4: =$C4*O4 -> 3317.1562
B5: 100000000 | C5: =100000000/B5 -> 1 | D5: Nuitka | E5: Test1 | F5: 136.294 | G5: 3.53 | H5: 29.19 | I5: 153.79 | J5: 481.11782 | K5: 3978.4219 | L5: 20960.654 | M5: 423.87434 | N5: 3899.3713 | O5: 9396.1084 | P5: =C5*M5 -> 423.87434 | Q5: =$C5*N5 -> 3899.3713 | R5: =$C5*O5 -> 9396.1084 | S5: =(F6-F5)/F5 -> -0.68598764 | T5: =(P6-P5)/P5 -> -0.68497796 | U5: =(Q6-Q5)/Q5 -> -0.69169496 | V5: =(R6-R5)/R5 -> -0.68758185
B6: 100000000 | C6: =100000000/B6 -> 1 | E6: Test2 | F6: 42.798 | G6: 3.54 | H6: 28.67 | I6: 153.43 | J6: 151.50492 | K6: 1227.0187 | L6: 6566.4971 | M6: 133.52976 | N6: 1202.1958 | O6: 2935.5148 | P6: =C6*M6 -> 133.52976 | Q6: =$C6*N6 -> 1202.1958 | R6: =$C6*O6 -> 2935.5148
A7: T05 | B7: 100000 | C7: =100000000/B7 -> 1000 | E7: Test1 | F7: 5.619 | G7: 3.52 | H7: 25.68 | I7: 147.24 | J7: 19.77888 | K7: 144.29592 | L7: 827.34156 | M7: 17.4189 | N7: 141.0369 | O7: 347.36658 | P7: =C7*M7 -> 17418.9 | Q7: =$C7*N7 -> 141036.9 | R7: =$C7*O7 -> 347366.58 | S7: =(F8-F7)/F7 -> -0.062644599 | T7: =(P8-P7)/P7 -> -0.059620872 | U7: =(Q8-Q7)/Q7 -> -0.075341843 | V7: =(R8-R7)/R7 -> -0.072651952
B8: 100000 | C8: =100000000/B8 -> 1000 | E8: Test2 | F8: 5.267 | G8: 3.53 | H8: 25.34 | I8: 146.57 | J8: 18.59251 | K8: 133.46578 | L8: 771.98419 | M8: 16.38037 | N8: 130.41092 | O8: 322.12972 | P8: =C8*M8 -> 16380.37 | Q8: =$C8*N8 -> 130410.92 | R8: =$C8*O8 -> 322129.72
B9: 100000 | C9: =100000000/B9 -> 1000 | D9: Nuitka | E9: Test1 | F9: 6.266 | G9: 3.53 | H9: 27.29 | I9: 152.75 | J9: 22.11898 | K9: 170.99914 | L9: 957.1315 | M9: 19.48726 | N9: 167.36486 | O9: 421.95244 | P9: =C9*M9 -> 19487.26 | Q9: =$C9*N9 -> 167364.86 | R9: =$C9*O9 -> 421952.44 | S9: =(F10-F9)/F9 -> -0.049154165 | T9: =(P10-P9)/P9 -> -0.046096783 | U9: =(Q10-Q9)/Q9 -> -0.05057812 | V9: =(R10-R9)/R9 -> -0.080924334
B10: 100000 | C10: =100000000/B10 -> 1000 | E10: Test2 | F10: 5.958 | G10: 3.54 | H10: 27.25 | I10: 150.51 | J10: 21.09132 | K10: 162.3555 | L10: 896.73858 | M10: 18.58896 | N10: 158.89986 | O10: 387.80622 | P10: =C10*M10 -> 18588.96 | Q10: =$C10*N10 -> 158899.86 | R10: =$C10*O10 -> 387806.22
A11: T07 | B11: 100000000 | C11: =100000000/B11 -> 1 | E11: Test1 | F11: 21.376 | G11: 3.5 | H11: 30.5 | I11: 155.66 | J11: 74.816 | K11: 651.968 | L11: 3327.3882 | M11: 65.83808 | N11: 639.56992 | O11: 1516.1997 | P11: =C11*M11 -> 65.83808 | Q11: =$C11*N11 -> 639.56992 | R11: =$C11*O11 -> 1516.1997 | S11: =(F12-F11)/F11 -> -0.29491018 | T11: =(P12-P11)/P11 -> -0.28804242 | U11: =(Q12-Q11)/Q11 -> -0.31706207 | V11: =(R12-R11)/R11 -> -0.30624251
B12: 100000000 | C12: =100000000/B12 -> 1 | E12: Test2 | F12: 15.072 | G12: 3.53 | H12: 29.56 | I12: 154.52 | J12: 53.20416 | K12: 445.52832 | L12: 2328.9254 | M12: 46.87392 | N12: 436.78656 | O12: 1051.8749 | P12: =C12*M12 -> 46.87392 | Q12: =$C12*N12 -> 436.78656 | R12: =$C12*O12 -> 1051.8749
B13: 100000000 | C13: =100000000/B13 -> 1 | D13: Nuitka | E13: Test1 | F13: 19.172 | G13: 3.52 | H13: 28.18 | I13: 151.7 | J13: 67.48544 | K13: 540.26696 | L13: 2908.3924 | M13: 59.4332 | N13: 529.1472 | O13: 1283.9488 | P13: =C13*M13 -> 59.4332 | Q13: =$C13*N13 -> 529.1472 | R13: =$C13*O13 -> 1283.9488 | S13: =(F14-F13)/F13 -> -0.39119549 | T13: =(P14-P13)/P13 -> -0.39119549 | U13: =(Q14-Q13)/Q13 -> -0.40310689 | V13: =(R14-R13)/R13 -> -0.41146777
B14: 100000000 | C14: =100000000/B14 -> 1 | E14: Test2 | F14: 11.672 | G14: 3.52 | H14: 27.64 | I14: 149.47 | J14: 41.08544 | K14: 322.61408 | L14: 1744.6138 | M14: 36.1832 | N14: 315.84432 | O14: 755.64528 | P14: =C14*M14 -> 36.1832 | Q14: =$C14*N14 -> 315.84432 | R14: =$C14*O14 -> 755.64528
A15: T08 | B15: 100000000 | C15: =100000000/B15 -> 1 | E15: Test1 | F15: 24.301 | G15: 3.49 | H15: 26.4 | I15: 146.41 | J15: 84.81049 | K15: 641.5464 | L15: 3557.9094 | M15: 74.60407 | N15: 627.45182 | O15: 1506.419 | P15: =C15*M15 -> 74.60407 | Q15: =$C15*N15 -> 627.45182 | R15: =$C15*O15 -> 1506.419 | S15: =(F16-F15)/F15 -> -0.70721369 | T15: =(P16-P15)/P15 -> -0.70625999 | U15: =(Q16-Q15)/Q15 -> -0.71004857 | V15: =(R16-R15)/R15 -> -0.70376582
B16: 100000000 | C16: =100000000/B16 -> 1 | E16: Test2 | F16: 7.115 | G16: 3.5 | H16: 26.15 | I16: 147.14 | J16: 24.9025 | K16: 186.05725 | L16: 1046.9011 | M16: 21.9142 | N16: 181.93055 | O16: 446.2528 | P16: =C16*M16 -> 21.9142 | Q16: =$C16*N16 -> 181.93055 | R16: =$C16*O16 -> 446.2528
B17: 100000000 | C17: =100000000/B17 -> 1 | D17: Nuitka | E17: Test1 | F17: 18 | G17: 3.5 | H17: 26.25 | I17: 146.72 | J17: 63 | K17: 472.5 | L17: 2640.96 | M17: 55.44 | N17: 462.06 | O17: 1121.22 | P17: =C17*M17 -> 55.44 | Q17: =$C17*N17 -> 462.06 | R17: =$C17*O17 -> 1121.22 | S17: =(F18-F17)/F17 -> -0.54722222 | T17: =(P18-P17)/P17 -> -0.54428211 | U17: =(Q18-Q17)/Q17 -> -0.53734472 | V17: =(R18-R17)/R17 -> -0.53093996
B18: 100000000 | C18: =100000000/B18 -> 1 | E18: Test2 | F18: 8.15 | G18: 3.52 | H18: 26.81 | I18: 148.96 | J18: 28.688 | K18: 218.5015 | L18: 1214.024 | M18: 25.265 | N18: 213.7745 | O18: 525.9195 | P18: =C18*M18 -> 25.265 | Q18: =$C18*N18 -> 213.7745 | R18: =$C18*O18 -> 525.9195
A19: T09 | B19: 100000000 | C19: =100000000/B19 -> 1 | E19: Test1 | F19: 6.021 | G19: 3.5 | H19: 27.76 | I19: 154.59 | J19: 21.0735 | K19: 167.14296 | L19: 930.78639 | M19: 18.54468 | N19: 163.65078 | O19: 431.28423 | P19: =C19*M19 -> 18.54468 | Q19: =$C19*N19 -> 163.65078 | R19: =$C19*O19 -> 431.28423 | S19: =(F20-F19)/F19 -> -0.26856004 | T19: =(P20-P19)/P19 -> -0.26143562 | U19: =(Q20-Q19)/Q19 -> -0.3178071 | V19: =(R20-R19)/R19 -> -0.33105358
B20: 100000000 | C20: =100000000/B20 -> 1 | E20: Test2 | F20: 4.404 | G20: 3.53 | H20: 25.93 | I20: 148.46 | J20: 15.54612 | K20: 114.19572 | L20: 653.81784 | M20: 13.69644 | N20: 111.6414 | O20: 288.50604 | P20: =C20*M20 -> 13.69644 | Q20: =$C20*N20 -> 111.6414 | R20: =$C20*O20 -> 288.50604
B21: 100000000 | C21: =100000000/B21 -> 1 | D21: Nuitka | E21: Test1 | F21: 3.072 | G21: 3.55 | H21: 24.05 | I21: 148.34 | J21: 10.9056 | K21: 73.8816 | L21: 455.70048 | M21: 9.61536 | N21: 72.09984 | O21: 200.84736 | P21: =C21*M21 -> 9.61536 | Q21: =$C21*N21 -> 72.09984 | R21: =$C21*O21 -> 200.84736 | S21: =(F22-F21)/F21 -> -0.25846354 | T21: =(P22-P21)/P21 -> -0.25609442 | U21: =(Q22-Q21)/Q21 -> -0.27520893 | V21: =(R22-R21)/R21 -> -0.28273531
B22: 100000000 | C22: =100000000/B22 -> 1 | E22: Test2 | F22: 2.278 | G22: 3.56 | H22: 23.52 | I22: 146.19 | J22: 8.10968 | K22: 53.57856 | L22: 333.02082 | M22: 7.15292 | N22: 52.25732 | O22: 144.06072 | P22: =C22*M22 -> 7.15292 | Q22: =$C22*N22 -> 52.25732 | R22: =$C22*O22 -> 144.06072
A23: T10 | B23: 100000000 | C23: =100000000/B23 -> 1 | E23: Test1 | F23: 24.738 | G23: 3.57 | H23: 30.06 | I23: 154.29 | J23: 88.31466 | K23: 743.62428 | L23: 3816.826 | M23: 77.9247 | N23: 729.27624 | O23: 1697.2742 | P23: =C23*M23 -> 77.9247 | Q23: =$C23*N23 -> 729.27624 | R23: =$C23*O23 -> 1697.2742 | S23: =(F24-F23)/F23 -> -0.48496241 | T23: =(P24-P23)/P23 -> -0.49313761 | U23: =(Q24-Q23)/Q23 -> -0.5059273 | V23: =(R24-R23)/R23 -> -0.49809921
B24: 100000000 | C24: =100000000/B24 -> 1 | E24: Test2 | F24: 12.741 | G24: 3.52 | H24: 28.86 | I24: 152.53 | J24: 44.84832 | K24: 367.70526 | L24: 1943.3847 | M24: 39.4971 | N24: 360.31548 | O24: 851.86326 | P24: =C24*M24 -> 39.4971 | Q24: =$C24*N24 -> 360.31548 | R24: =$C24*O24 -> 851.86326
B25: 100000000 | C25: =100000000/B25 -> 1 | D25: Nuitka | E25: Test1 | F25: 13.598 | G25: 3.52 | H25: 29.06 | I25: 153.4 | J25: 47.86496 | K25: 395.15788 | L25: 2085.9332 | M25: 42.1538 | N25: 387.27104 | O25: 920.85656 | P25: =C25*M25 -> 42.1538 | Q25: =$C25*N25 -> 387.27104 | R25: =$C25*O25 -> 920.85656 | S25: =(F26-F25)/F25 -> -0.65068392 | T25: =(P26-P25)/P25 -> -0.64730345 | U25: =(Q26-Q25)/Q25 -> -0.70477395 | V25: =(R26-R25)/R25 -> -0.68720427
B26: 100000000 | C26: =100000000/B26 -> 1 | E26: Test2 | F26: 4.75 | G26: 3.55 | H26: 24.65 | I26: 146.31 | J26: 16.8625 | K26: 117.0875 | L26: 694.9725 | M26: 14.8675 | N26: 114.3325 | O26: 288.04 | P26: =C26*M26 -> 14.8675 | Q26: =$C26*N26 -> 114.3325 | R26: =$C26*O26 -> 288.04
A27: T11 | B27: 100000000 | C27: =100000000/B27 -> 1 | E27: Test1 | F27: 37.828 | G27: 3.53 | H27: 29.23 | I27: 153.68 | J27: 133.53284 | K27: 1105.7124 | L27: 5813.407 | M27: 117.64508 | N27: 1083.7722 | O27: 2551.1203 | P27: =C27*M27 -> 117.64508 | Q27: =$C27*N27 -> 1083.7722 | R27: =$C27*O27 -> 2551.1203 | S27: =(F28-F27)/F27 -> -0.23868563 | T27: =(P28-P27)/P27 -> -0.23378972 | U27: =(Q28-Q27)/Q27 -> -0.23416823 | V27: =(R28-R27)/R27 -> -0.24297536
B28: 100000000 | C28: =100000000/B28 -> 1 | E28: Test2 | F28: 28.799 | G28: 3.55 | H28: 29.4 | I28: 153.3 | J28: 102.23645 | K28: 846.6906 | L28: 4414.8867 | M28: 90.14087 | N28: 829.98718 | O28: 1931.2609 | P28: =C28*M28 -> 90.14087 | Q28: =$C28*N28 -> 829.98718 | R28: =$C28*O28 -> 1931.2609
B29: 100000000 | C29: =100000000/B29 -> 1 | D29: Nuitka | E29: Test1 | F29: 34.125 | G29: 3.55 | H29: 28.62 | I29: 152.58 | J29: 121.14375 | K29: 976.6575 | L29: 5206.7925 | M29: 106.81125 | N29: 956.865 | O29: 2263.8525 | P29: =C29*M29 -> 106.81125 | Q29: =$C29*N29 -> 956.865 | R29: =$C29*O29 -> 2263.8525 | S29: =(F30-F29)/F29 -> -0.19818315 | T29: =(P30-P29)/P29 -> -0.20330658 | U29: =(Q30-Q29)/Q29 -> -0.20447415 | V29: =(R30-R29)/R29 -> -0.21111568
B30: 100000000 | C30: =100000000/B30 -> 1 | E30: Test2 | F30: 27.362 | G30: 3.53 | H30: 28.4 | I30: 151.52 | J30: 96.58786 | K30: 777.0808 | L30: 4145.8902 | M30: 85.09582 | N30: 761.21084 | O30: 1785.9177 | P30: =C30*M30 -> 85.09582 | Q30: =$C30*N30 -> 761.21084 | R30: =$C30*O30 -> 1785.9177
A31: T12 | B31: 100000000 | C31: =100000000/B31 -> 1 | E31: Test1 | F31: 9.721 | G31: 3.56 | H31: 26.71 | I31: 149.67 | J31: 34.60676 | K31: 259.64791 | L31: 1454.9421 | M31: 30.52394 | N31: 254.00973 | O31: 602.41037 | P31: =C31*M31 -> 30.52394 | Q31: =$C31*N31 -> 254.00973 | R31: =$C31*O31 -> 602.41037 | S31: =(F32-F31)/F31 -> -0.18331447 | T31: =(P32-P31)/P31 -> -0.1911172 | U31: =(Q32-Q31)/Q31 -> -0.19206579 | V31: =(R32-R31)/R31 -> -0.20611367
B32: 100000000 | C32: =100000000/B32 -> 1 | E32: Test2 | F32: 7.939 | G32: 3.53 | H32: 26.43 | I32: 147.94 | J32: 28.02467 | K32: 209.82777 | L32: 1174.4957 | M32: 24.69029 | N32: 205.22315 | O32: 478.24536 | P32: =C32*M32 -> 24.69029 | Q32: =$C32*N32 -> 205.22315 | R32: =$C32*O32 -> 478.24536
B33: 100000000 | C33: =100000000/B33 -> 1 | D33: Nuitka | E33: Test1 | F33: 5.027 | G33: 3.57 | H33: 25.6 | I33: 148.51 | J33: 17.94639 | K33: 128.6912 | L33: 746.55977 | M33: 15.83505 | N33: 125.77554 | O33: 305.69187 | P33: =C33*M33 -> 15.83505 | Q33: =$C33*N33 -> 125.77554 | R33: =$C33*O33 -> 305.69187 | S33: =(F34-F33)/F33 -> -0.17028049 | T33: =(P34-P33)/P33 -> -0.16764646 | U33: =(Q34-Q33)/Q33 -> -0.18122403 | V33: =(R34-R33)/R33 -> -0.1599107
B34: 100000000 | C34: =100000000/B34 -> 1 | E34: Test2 | F34: 4.171 | G34: 3.58 | H34: 25.27 | I34: 149.27 | J34: 14.93218 | K34: 105.40117 | L34: 622.60517 | M34: 13.18036 | N34: 102.98199 | O34: 256.80847 | P34: =C34*M34 -> 13.18036 | Q34: =$C34*N34 -> 102.98199 | R34: =$C34*O34 -> 256.80847
A35: T13 | B35: 100000000 | C35: =100000000/B35 -> 1 | E35: Test1 | F35: 234.016 | G35: 3.48 | H35: 29.73 | I35: 153.98 | J35: 814.37568 | K35: 6957.2957 | L35: 36033.784 | M35: 716.08896 | N35: 6821.5664 | O35: 16170.506 | P35: =C35*M35 -> 716.08896 | Q35: =$C35*N35 -> 6821.5664 | R35: =$C35*O35 -> 16170.506 | S35: =(F36-F35)/F35 -> -0.17829123 | T35: =(P36-P35)/P35 -> -0.17292058 | U35: =(Q36-Q35)/Q35 -> -0.18900304 | V35: =(R36-R35)/R35 -> -0.18055063
B36: 100000000 | C36: =100000000/B36 -> 1 | E36: Test2 | F36: 192.293 | G36: 3.5 | H36: 29.35 | I36: 153.78 | J36: 673.0255 | K36: 5643.7996 | L36: 29570.818 | M36: 592.26244 | N36: 5532.2696 | O36: 13250.911 | P36: =C36*M36 -> 592.26244 | Q36: =$C36*N36 -> 5532.2696 | R36: =$C36*O36 -> 13250.911
B37: 100000000 | C37: =100000000/B37 -> 1 | D37: Nuitka | E37: Test1 | F37: 103.762 | G37: 3.52 | H37: 27.94 | I37: 150.36 | J37: 365.24224 | K37: 2899.1103 | L37: 15601.654 | M37: 321.6622 | N37: 2838.9283 | O37: 6794.3358 | P37: =C37*M37 -> 321.6622 | Q37: =$C37*N37 -> 2838.9283 | R37: =$C37*O37 -> 6794.3358 | S37: =(F38-F37)/F37 -> -0.033249166 | T37: =(P38-P37)/P37 -> -0.030130615 | U37: =(Q38-Q37)/Q37 -> -0.036429268 | V37: =(R38-R37)/R37 -> -0.028524666
B38: 100000000 | C38: =100000000/B38 -> 1 | E38: Test2 | F38: 100.312 | G38: 3.53 | H38: 27.85 | I38: 150.68 | J38: 354.10136 | K38: 2793.6892 | L38: 15115.012 | M38: 311.97032 | N38: 2735.5082 | O38: 6600.5296 | P38: =C38*M38 -> 311.97032 | Q38: =$C38*N38 -> 2735.5082 | R38: =$C38*O38 -> 6600.5296
A39: T16 | B39: 100000000 | C39: =100000000/B39 -> 1 | E39: Test1 | F39: 8.639 | G39: 3.51 | H39: 26.38 | I39: 147.4 | J39: 30.32289 | K39: 227.89682 | L39: 1273.3886 | M39: 26.69451 | N39: 222.8862 | O39: 525.07842 | P39: =C39*M39 -> 26.69451 | Q39: =$C39*N39 -> 222.8862 | R39: =$C39*O39 -> 525.07842 | S39: =(F40-F39)/F39 -> -0.020719991 | T39: =(P40-P39)/P39 -> -0.020719991 | U39: =(Q40-Q39)/Q39 -> -0.0066760526 | V39: =(R40-R39)/R39 -> 0.013920549
B40: 100000000 | C40: =100000000/B40 -> 1 | E40: Test2 | F40: 8.46 | G40: 3.51 | H40: 26.75 | I40: 149.55 | J40: 29.6946 | K40: 226.305 | L40: 1265.193 | M40: 26.1414 | N40: 221.3982 | O40: 532.3878 | P40: =C40*M40 -> 26.1414 | Q40: =$C40*N40 -> 221.3982 | R40: =$C40*O40 -> 532.3878
B41: 100000000 | C41: =100000000/B41 -> 1 | D41: Nuitka | E41: Test1 | F41: 4.381 | G41: 3.55 | H41: 25.39 | I41: 149.15 | J41: 15.55255 | K41: 111.23359 | L41: 653.42615 | M41: 13.71253 | N41: 108.69261 | O41: 273.94393 | P41: =C41*M41 -> 13.71253 | Q41: =$C41*N41 -> 108.69261 | R41: =$C41*O41 -> 273.94393 | S41: =(F42-F41)/F41 -> 0.08787948 | T41: =(P42-P41)/P41 -> 0.080928173 | U41: =(Q42-Q41)/Q41 -> 0.097964618 | V41: =(R42-R41)/R41 -> 0.079006642
B42: 100000000 | C42: =100000000/B42 -> 1 | E42: Test2 | F42: 4.766 | G42: 3.53 | H42: 25.62 | I42: 148.64 | J42: 16.82398 | K42: 122.10492 | L42: 708.41824 | M42: 14.82226 | N42: 119.34064 | O42: 295.58732 | P42: =C42*M42 -> 14.82226 | Q42: =$C42*N42 -> 119.34064 | R42: =$C42*O42 -> 295.58732
A43: T17 | B43: 100000000 | C43: =100000000/B43 -> 1 | E43: Test1 | F43: 8.168 | G43: 3.52 | H43: 26.42 | I43: 147.22 | J43: 28.75136 | K43: 215.79856 | L43: 1202.493 | M43: 25.3208 | N43: 211.06112 | O43: 518.01456 | P43: =C43*M43 -> 25.3208 | Q43: =$C43*N43 -> 211.06112 | R43: =$C43*O43 -> 518.01456 | S43: =(F44-F43)/F43 -> 0.048359452 | T43: =(P44-P43)/P43 -> 0.048359452 | U43: =(Q44-Q43)/Q43 -> 0.044302333 | V43: =(R44-R43)/R43 -> 0.039763631
B44: 100000000 | C44: =100000000/B44 -> 1 | E44: Test2 | F44: 8.563 | G44: 3.52 | H44: 26.32 | I44: 146.7 | J44: 30.14176 | K44: 225.37816 | L44: 1256.1921 | M44: 26.5453 | N44: 220.41162 | O44: 538.6127 | P44: =C44*M44 -> 26.5453 | Q44: =$C44*N44 -> 220.41162 | R44: =$C44*O44 -> 538.6127
B45: 100000000 | C45: =100000000/B45 -> 1 | D45: Nuitka | E45: Test1 | F45: 4.433 | G45: 3.55 | H45: 25.44 | I45: 147.01 | J45: 15.73715 | K45: 112.77552 | L45: 651.69533 | M45: 13.87529 | N45: 110.20438 | O45: 280.20993 | P45: =C45*M45 -> 13.87529 | Q45: =$C45*N45 -> 110.20438 | R45: =$C45*O45 -> 280.20993 | S45: =(F46-F45)/F45 -> 0.11459508 | T45: =(P46-P45)/P45 -> 0.11459508 | U45: =(Q46-Q45)/Q45 -> 0.12983894 | V45: =(R46-R45)/R45 -> 0.13769458
B46: 100000000 | C46: =100000000/B46 -> 1 | E46: Test2 | F46: 4.941 | G46: 3.55 | H46: 25.78 | I46: 148.32 | J46: 17.54055 | K46: 127.37898 | L46: 732.84912 | M46: 15.46533 | N46: 124.5132 | O46: 318.79332 | P46: =C46*M46 -> 15.46533 | Q46: =$C46*N46 -> 124.5132 | R46: =$C46*O46 -> 318.79332
A47: T19 | B47: 100000000 | C47: =100000000/B47 -> 1 | E47: Test1 | F47: 128.314 | G47: 3.5 | H47: 28.32 | I47: 150.9 | J47: 449.099 | K47: 3633.8525 | L47: 19362.583 | M47: 395.20712 | N47: 3559.4304 | O47: 8475.1397 | P47: =C47*M47 -> 395.20712 | Q47: =$C47*N47 -> 3559.4304 | R47: =$C47*O47 -> 8475.1397 | S47: =(F48-F47)/F47 -> 0.032693237 | T47: =(P48-P47)/P47 -> 0.032693237 | U47: =(Q48-Q47)/Q47 -> 0.033437789 | V47: =(R48-R47)/R47 -> 0.039103596
B48: 100000000 | C48: =100000000/B48 -> 1 | E48: Test2 | F48: 132.509 | G48: 3.5 | H48: 28.34 | I48: 151.3 | J48: 463.7815 | K48: 3755.3051 | L48: 20048.612 | M48: 408.12772 | N48: 3678.4498 | O48: 8806.5481 | P48: =C48*M48 -> 408.12772 | Q48: =$C48*N48 -> 3678.4498 | R48: =$C48*O48 -> 8806.5481
B49: 100000000 | C49: =100000000/B49 -> 1 | D49: Nuitka | E49: Test1 | F49: 122.685 | G49: 3.51 | H49: 28.76 | I49: 151.77 | J49: 430.62435 | K49: 3528.4206 | L49: 18619.902 | M49: 379.09665 | N49: 3457.2633 | O49: 8211.3071 | P49: =C49*M49 -> 379.09665 | Q49: =$C49*N49 -> 3457.2633 | R49: =$C49*O49 -> 8211.3071 | S49: =(F50-F49)/F49 -> 0.037641113 | T49: =(P50-P49)/P49 -> 0.034283052 | U49: =(Q50-Q49)/Q49 -> 0.050896997 | V49: =(R50-R49)/R49 -> 0.054074694
B50: 100000000 | C50: =100000000/B50 -> 1 | E50: Test2 | F50: 127.303 | G50: 3.5 | H50: 29.12 | I50: 152.84 | J50: 445.5605 | K50: 3707.0634 | L50: 19456.991 | M50: 392.09324 | N50: 3633.2276 | O50: 8655.331 | P50: =C50*M50 -> 392.09324 | Q50: =$C50*N50 -> 3633.2276 | R50: =$C50*O50 -> 8655.331
A51: T20 | B51: 100000000 | C51: =100000000/B51 -> 1 | E51: Test1 | F51: 69.499 | G51: 3.5 | H51: 28.63 | I51: 151.7 | J51: 243.2465 | K51: 1989.7564 | L51: 10542.998 | M51: 214.05692 | N51: 1949.447 | O51: 4528.5548 | P51: =C51*M51 -> 214.05692 | Q51: =$C51*N51 -> 1949.447 | R51: =$C51*O51 -> 4528.5548 | S51: =(F52-F51)/F51 -> -0.10956992 | T51: =(P52-P51)/P51 -> -0.10378791 | U51: =(Q52-Q51)/Q51 -> -0.11020481 | V51: =(R52-R51)/R51 -> -0.085382364
B52: 100000000 | C52: =100000000/B52 -> 1 | E52: Test2 | F52: 61.884 | G52: 3.52 | H52: 28.61 | I52: 153.48 | J52: 217.83168 | K52: 1770.5012 | L52: 9497.9563 | M52: 191.8404 | N52: 1734.6085 | O52: 4141.8961 | P52: =C52*M52 -> 191.8404 | Q52: =$C52*N52 -> 1734.6085 | R52: =$C52*O52 -> 4141.8961
B53: 100000000 | C53: =100000000/B53 -> 1 | D53: Nuitka | E53: Test1 | F53: 64.383 | G53: 3.51 | H53: 28.45 | I53: 151.74 | J53: 225.98433 | K53: 1831.6963 | L53: 9769.4764 | M53: 198.94347 | N53: 1794.3542 | O53: 4197.1278 | P53: =C53*M53 -> 198.94347 | Q53: =$C53*N53 -> 1794.3542 | R53: =$C53*O53 -> 4197.1278 | S53: =(F54-F53)/F53 -> 0.069381669 | T53: =(P54-P53)/P53 -> 0.072842451 | U53: =(Q54-Q53)/Q53 -> 0.07168389 | V53: =(R54-R53)/R53 -> 0.079880277
B54: 100000000 | C54: =100000000/B54 -> 1 | E54: Test2 | F54: 68.85 | G54: 3.52 | H54: 28.51 | I54: 152.38 | J54: 242.352 | K54: 1962.9135 | L54: 10491.363 | M54: 213.435 | N54: 1922.9805 | O54: 4532.3955 | P54: =C54*M54 -> 213.435 | Q54: =$C54*N54 -> 1922.9805 | R54: =$C54*O54 -> 4532.3955
A55: T25 | B55: 100000000 | C55: =100000000/B55 -> 1 | E55: Test1 | F55: 181.419 | G55: 3.49 | H55: 28.12 | I55: 150.23 | J55: 633.15231 | K55: 5101.5023 | L55: 27254.576 | M55: 556.95633 | N55: 4996.2793 | O55: 11808.563 | P55: =C55*M55 -> 556.95633 | Q55: =$C55*N55 -> 4996.2793 | R55: =$C55*O55 -> 11808.563 | S55: =(F56-F55)/F55 -> -0.047426124 | T55: =(P56-P55)/P55 -> -0.041220431 | U55: =(Q56-Q55)/Q55 -> -0.040854264 | V55: =(R56-R55)/R55 -> -0.033376794
B56: 100000000 | C56: =100000000/B56 -> 1 | E56: Test2 | F56: 172.815 | G56: 3.51 | H56: 28.31 | I56: 151.2 | J56: 606.58065 | K56: 4892.3926 | L56: 26129.628 | M56: 533.99835 | N56: 4792.16 | O56: 11414.431 | P56: =C56*M56 -> 533.99835 | Q56: =$C56*N56 -> 4792.16 | R56: =$C56*O56 -> 11414.431
B57: 100000000 | C57: =100000000/B57 -> 1 | D57: Nuitka | E57: Test1 | F57: 158.535 | G57: 3.49 | H57: 28.83 | I57: 152.04 | J57: 553.28715 | K57: 4570.564 | L57: 24103.661 | M57: 486.70245 | N57: 4478.6138 | O57: 10605.992 | P57: =C57*M57 -> 486.70245 | Q57: =$C57*N57 -> 4478.6138 | R57: =$C57*O57 -> 10605.992 | S57: =(F58-F57)/F57 -> -0.063746176 | T57: =(P58-P57)/P57 -> -0.054597116 | U57: =(Q58-Q57)/Q57 -> -0.060100586 | V57: =(R58-R57)/R57 -> -0.053669902
B58: 100000000 | C58: =100000000/B58 -> 1 | E58: Test2 | F58: 148.429 | G58: 3.52 | H58: 28.94 | I58: 152.76 | J58: 522.47008 | K58: 4295.5353 | L58: 22674.014 | M58: 460.1299 | N58: 4209.4464 | O58: 10036.769 | P58: =C58*M58 -> 460.1299 | Q58: =$C58*N58 -> 4209.4464 | R58: =$C58*O58 -> 10036.769
A59: T26 | B59: 100000000 | C59: =100000000/B59 -> 1 | E59: Test1 | F59: 173.517 | G59: 3.51 | H59: 29.02 | I59: 152.58 | J59: 609.04467 | K59: 5035.4633 | L59: 26475.224 | M59: 536.16753 | N59: 4934.8235 | O59: 11367.099 | P59: =C59*M59 -> 536.16753 | Q59: =$C59*N59 -> 4934.8235 | R59: =$C59*O59 -> 11367.099 | S59: =(F60-F59)/F59 -> -0.26316153 | T59: =(P60-P59)/P59 -> -0.26554613 | U59: =(Q60-Q59)/Q59 -> -0.25124361 | V59: =(R60-R59)/R59 -> -0.25202629
B60: 100000000 | C60: =100000000/B60 -> 1 | E60: Test2 | F60: 127.854 | G60: 3.5 | H60: 29.48 | I60: 153.56 | J60: 447.489 | K60: 3769.1359 | L60: 19633.26 | M60: 393.79032 | N60: 3694.9806 | O60: 8502.291 | P60: =C60*M60 -> 393.79032 | Q60: =$C60*N60 -> 3694.9806 | R60: =$C60*O60 -> 8502.291
B61: 100000000 | C61: =100000000/B61 -> 1 | D61: Nuitka | E61: Test1 | F61: 150.857 | G61: 3.51 | H61: 28.98 | I61: 152.47 | J61: 529.50807 | K61: 4371.8359 | L61: 23001.167 | M61: 466.14813 | N61: 4284.3388 | O61: 9867.5564 | P61: =C61*M61 -> 466.14813 | Q61: =$C61*N61 -> 4284.3388 | R61: =$C61*O61 -> 9867.5564 | S61: =(F62-F61)/F61 -> -0.1361952 | T61: =(P62-P61)/P61 -> -0.14178617 | U61: =(Q62-Q61)/Q61 -> -0.15870279 | V61: =(R62-R61)/R61 -> -0.16670108
B62: 100000000 | C62: =100000000/B62 -> 1 | E62: Test2 | F62: 130.311 | G62: 3.49 | H62: 28.24 | I62: 150.17 | J62: 454.78539 | K62: 3679.9826 | L62: 19568.803 | M62: 400.05477 | N62: 3604.4023 | O62: 8222.6241 | P62: =C62*M62 -> 400.05477 | Q62: =$C62*N62 -> 3604.4023 | R62: =$C62*O62 -> 8222.6241
A63: T28 | B63: 100000000 | C63: =100000000/B63 -> 1 | E63: Test1 | F63: 202.865 | G63: 3.49 | H63: 29.25 | I63: 150.57 | J63: 707.99885 | K63: 5933.8013 | L63: 30545.383 | M63: 622.79555 | N63: 5816.1396 | O63: 14007.828 | P63: =C63*M63 -> 622.79555 | Q63: =$C63*N63 -> 5816.1396 | R63: =$C63*O63 -> 14007.828 | S63: =(F64-F63)/F63 -> 0.19575087 | T63: =(P64-P63)/P63 -> 0.21133068 | U63: =(Q64-Q63)/Q63 -> 0.20909723 | V63: =(R64-R63)/R63 -> 0.23592671
B64: 100000000 | C64: =100000000/B64 -> 1 | E64: Test2 | F64: 242.576 | G64: 3.53 | H64: 29.57 | I64: 152.9 | J64: 856.29328 | K64: 7172.9723 | L64: 37089.87 | M64: 754.41136 | N64: 7032.2782 | O64: 17312.649 | P64: =C64*M64 -> 754.41136 | Q64: =$C64*N64 -> 7032.2782 | R64: =$C64*O64 -> 17312.649
B65: 100000000 | C65: =100000000/B65 -> 1 | D65: Nuitka | E65: Test1 | F65: 190.956 | G65: 3.5 | H65: 30.45 | I65: 152.86 | J65: 668.346 | K65: 5814.6102 | L65: 29189.534 | M65: 588.14448 | N65: 5703.8557 | O65: 13620.891 | P65: =C65*M65 -> 588.14448 | Q65: =$C65*N65 -> 5703.8557 | R65: =$C65*O65 -> 13620.891 | S65: =(F66-F65)/F65 -> 0.1882109 | T65: =(P66-P65)/P65 -> 0.20364221 | U65: =(Q66-Q65)/Q65 -> 0.15201164 | V65: =(R66-R65)/R65 -> 0.21919467
B66: 100000000 | C66: =100000000/B66 -> 1 | E66: Test2 | F66: 226.896 | G66: 3.54 | H66: 29.54 | I66: 154.71 | J66: 803.21184 | K66: 6702.5078 | L66: 35103.08 | M66: 707.91552 | N66: 6570.9082 | O66: 16606.518 | P66: =C66*M66 -> 707.91552 | Q66: =$C66*N66 -> 6570.9082 | R66: =$C66*O66 -> 16606.518
A67: T29 | B67: 100000000 | C67: =100000000/B67 -> 1 | E67: Test1 | F67: 5.654 | G67: 3.52 | H67: 25.27 | I67: 144.68 | J67: 19.90208 | K67: 142.87658 | L67: 818.02072 | M67: 17.5274 | N67: 139.59726 | O67: 345.57248 | P67: =C67*M67 -> 17.5274 | Q67: =$C67*N67 -> 139.59726 | R67: =$C67*O67 -> 345.57248 | S67: =(F68-F67)/F67 -> 0.03873364 | T67: =(P68-P67)/P67 -> 0.035382886 | U67: =(Q68-Q67)/Q67 -> 0.056824181 | V67: =(R68-R67)/R67 -> 0.061167023
B68: 100000000 | C68: =100000000/B68 -> 1 | E68: Test2 | F68: 5.873 | G68: 3.51 | H68: 25.7 | I68: 146.01 | J68: 20.61423 | K68: 150.9361 | L68: 857.51673 | M68: 18.14757 | N68: 147.52976 | O68: 366.71012 | P68: =C68*M68 -> 18.14757 | Q68: =$C68*N68 -> 147.52976 | R68: =$C68*O68 -> 366.71012
B69: 100000000 | C69: =100000000/B69 -> 1 | D69: Nuitka | E69: Test1 | F69: 2.985 | G69: 3.54 | H69: 23.34 | I69: 144.02 | J69: 10.5669 | K69: 69.6699 | L69: 429.8997 | M69: 9.3132 | N69: 67.9386 | O69: 180.44325 | P69: =C69*M69 -> 9.3132 | Q69: =$C69*N69 -> 67.9386 | R69: =$C69*O69 -> 180.44325 | S69: =(F70-F69)/F69 -> 0.14472362 | T69: =(P70-P69)/P69 -> 0.1483926 | U69: =(Q70-Q69)/Q69 -> 0.21061061 | V69: =(R70-R69)/R69 -> 0.17824158
B70: 100000000 | C70: =100000000/B70 -> 1 | E70: Test2 | F70: 3.417 | G70: 3.55 | H70: 24.65 | I70: 145.79 | J70: 12.13035 | K70: 84.22905 | L70: 498.16443 | M70: 10.69521 | N70: 82.24719 | O70: 212.60574 | P70: =C70*M70 -> 10.69521 | Q70: =$C70*N70 -> 82.24719 | R70: =$C70*O70 -> 212.60574
A71: T31 | B71: 100000000 | C71: =100000000/B71 -> 1 | E71: Test1 | F71: 154.828 | G71: 3.64 | H71: 29.8 | I71: 151.9 | J71: 563.57392 | K71: 4613.8744 | L71: 23518.373 | M71: 535.70488 | N71: 4581.3605 | O71: 10282.127 | P71: =C71*M71 -> 535.70488 | Q71: =$C71*N71 -> 4581.3605 | R71: =$C71*O71 -> 10282.127 | S71: =(F72-F71)/F71 -> 0.99629266 | T71: =(P72-P71)/P71 -> 0.99629266 | U71: =(Q72-Q71)/Q71 -> 1.0583606 | V71: =(R72-R71)/R71 -> 1.172445
B72: 100000000 | C72: =100000000/B72 -> 1 | E72: Test2 | F72: 309.082 | G72: 3.64 | H72: 30.72 | I72: 157.76 | J72: 1125.0585 | K72: 9494.999 | L72: 48760.776 | M72: 1069.4237 | N72: 9430.0918 | O72: 22337.356 | P72: =C72*M72 -> 1069.4237 | Q72: =$C72*N72 -> 9430.0918 | R72: =$C72*O72 -> 22337.356
B73: 100000000 | C73: =100000000/B73 -> 1 | D73: Nuitka | E73: Test1 | F73: 396.13 | G73: 3.6 | H73: 31.56 | I73: 157.61 | J73: 1426.068 | K73: 12501.863 | L73: 62434.049 | M73: 1354.7646 | N73: 12418.675 | O73: 28564.934 | P73: =C73*M73 -> 1354.7646 | Q73: =$C73*N73 -> 12418.675 | R73: =$C73*O73 -> 28564.934 | S73: =(F74-F73)/F73 -> 0.07421806 | T73: =(P74-P73)/P73 -> 0.080500037 | U73: =(Q74-Q73)/Q73 -> 0.061882541 | V73: =(R74-R73)/R73 -> 0.08121962
B74: 100000000 | C74: =100000000/B74 -> 1 | E74: Test2 | F74: 425.53 | G74: 3.62 | H74: 31.2 | I74: 158.07 | J74: 1540.4186 | K74: 13276.536 | L74: 67263.527 | M74: 1463.8232 | N74: 13187.175 | O74: 30884.967 | P74: =C74*M74 -> 1463.8232 | Q74: =$C74*N74 -> 13187.175 | R74: =$C74*O74 -> 30884.967
A75: T32 | B75: 100000000 | C75: =100000000/B75 -> 1 | E75: Test1 | F75: 11.939 | G75: 3.49 | H75: 26.3 | I75: 140.28 | J75: 41.66711 | K75: 313.9957 | L75: 1674.8029 | M75: 36.65273 | N75: 307.07108 | O75: 722.66767 | P75: =C75*M75 -> 36.65273 | Q75: =$C75*N75 -> 307.07108 | R75: =$C75*O75 -> 722.66767 | S75: =(F76-F75)/F75 -> 0.13753246 | T75: =(P76-P75)/P75 -> 0.14123777 | U75: =(Q76-Q75)/Q75 -> 0.14195521 | V75: =(R76-R75)/R75 -> 0.16722519
B76: 100000000 | C76: =100000000/B76 -> 1 | E76: Test2 | F76: 13.581 | G76: 3.5 | H76: 26.4 | I76: 141.86 | J76: 47.5335 | K76: 358.5384 | L76: 1926.6007 | M76: 41.82948 | N76: 350.66142 | O76: 843.51591 | P76: =C76*M76 -> 41.82948 | Q76: =$C76*N76 -> 350.66142 | R76: =$C76*O76 -> 843.51591
B77: 100000000 | C77: =100000000/B77 -> 1 | D77: Nuitka | E77: Test1 | F77: 9.987 | G77: 3.48 | H77: 26.58 | I77: 142.97 | J77: 34.75476 | K77: 265.45446 | L77: 1427.8414 | M77: 30.56022 | N77: 259.662 | O77: 631.37814 | P77: =C77*M77 -> 30.56022 | Q77: =$C77*N77 -> 259.662 | R77: =$C77*O77 -> 631.37814 | S77: =(F78-F77)/F77 -> 0.25292881 | T77: =(P78-P77)/P77 -> 0.25702335 | U77: =(Q78-Q77)/Q77 -> 0.2871434 | V77: =(R78-R77)/R77 -> 0.27869292
B78: 100000000 | C78: =100000000/B78 -> 1 | E78: Test2 | F78: 12.513 | G78: 3.49 | H78: 27.29 | I78: 144.27 | J78: 43.67037 | K78: 341.47977 | L78: 1805.2505 | M78: 38.41491 | N78: 334.22223 | O78: 807.33876 | P78: =C78*M78 -> 38.41491 | Q78: =$C78*N78 -> 334.22223 | R78: =$C78*O78 -> 807.33876
A79: T33 | B79: 100000000 | C79: =100000000/B79 -> 1 | E79: Test1 | F79: 10.699 | G79: 3.48 | H79: 28.35 | I79: 151.33 | J79: 37.23252 | K79: 303.31665 | L79: 1619.0797 | M79: 32.73894 | N79: 297.11123 | O79: 699.92858 | P79: =C79*M79 -> 32.73894 | Q79: =$C79*N79 -> 297.11123 | R79: =$C79*O79 -> 699.92858 | S79: =(F80-F79)/F79 -> -0.041779606 | T79: =(P80-P79)/P79 -> -0.038648166 | U79: =(Q80-Q79)/Q79 -> -0.043504885 | V79: =(R80-R79)/R79 -> -0.02317765
B80: 100000000 | C80: =100000000/B80 -> 1 | E80: Test2 | F80: 10.252 | G80: 3.49 | H80: 28.3 | I80: 152.6 | J80: 35.77948 | K80: 290.1316 | L80: 1564.4552 | M80: 31.47364 | N80: 284.18544 | O80: 683.70588 | P80: =C80*M80 -> 31.47364 | Q80: =$C80*N80 -> 284.18544 | R80: =$C80*O80 -> 683.70588
B81: 100000000 | C81: =100000000/B81 -> 1 | D81: Nuitka | E81: Test1 | F81: 5.781 | G81: 3.51 | H81: 26.05 | I81: 149.31 | J81: 20.29131 | K81: 150.59505 | L81: 863.16111 | M81: 17.86329 | N81: 147.24207 | O81: 366.5154 | P81: =C81*M81 -> 17.86329 | Q81: =$C81*N81 -> 147.24207 | R81: =$C81*O81 -> 366.5154 | S81: =(F82-F81)/F81 -> 0.0062272963 | T81: =(P82-P81)/P81 -> 0.0094836953 | U81: =(Q82-Q81)/Q81 -> -0.015106145 | V81: =(R82-R81)/R81 -> -0.025197468
B82: 100000000 | C82: =100000000/B82 -> 1 | E82: Test2 | F82: 5.817 | G82: 3.52 | H82: 25.51 | I82: 147.33 | J82: 20.47584 | K82: 148.39167 | L82: 857.01861 | M82: 18.0327 | N82: 145.01781 | O82: 357.28014 | P82: =C82*M82 -> 18.0327 | Q82: =$C82*N82 -> 145.01781 | R82: =$C82*O82 -> 357.28014
A83: T36 | B83: 100000000 | C83: =100000000/B83 -> 1 | E83: Test1 | F83: 70.038 | G83: 3.46 | H83: 29.11 | I83: 151.52 | J83: 242.33148 | K83: 2038.8062 | L83: 10612.158 | M83: 212.91552 | N83: 1998.1841 | O83: 4483.1324 | P83: =C83*M83 -> 212.91552 | Q83: =$C83*N83 -> 1998.1841 | R83: =$C83*O83 -> 4483.1324 | S83: =(F84-F83)/F83 -> -0.12023473 | T83: =(P84-P83)/P83 -> -0.11734077 | U83: =(Q84-Q83)/Q83 -> -0.1248602 | V83: =(R84-R83)/R83 -> -0.12215892
B84: 100000000 | C84: =100000000/B84 -> 1 | E84: Test2 | F84: 61.617 | G84: 3.47 | H84: 28.96 | I84: 151.39 | J84: 213.81099 | K84: 1784.4283 | L84: 9328.1976 | M84: 187.93185 | N84: 1748.6905 | O84: 3935.4778 | P84: =C84*M84 -> 187.93185 | Q84: =$C84*N84 -> 1748.6905 | R84: =$C84*O84 -> 3935.4778
B85: 100000000 | C85: =100000000/B85 -> 1 | D85: Nuitka | E85: Test1 | F85: 50.41 | G85: 3.46 | H85: 28.67 | I85: 151.87 | J85: 174.4186 | K85: 1445.2547 | L85: 7655.7667 | M85: 153.2464 | N85: 1416.0169 | O85: 3243.8835 | P85: =C85*M85 -> 153.2464 | Q85: =$C85*N85 -> 1416.0169 | R85: =$C85*O85 -> 3243.8835 | S85: =(F86-F85)/F85 -> -0.063102559 | T85: =(P86-P85)/P85 -> -0.06002066 | U85: =(Q86-Q85)/Q85 -> -0.070773845 | V85: =(R86-R85)/R85 -> -0.088872698
B86: 100000000 | C86: =100000000/B86 -> 1 | E86: Test2 | F86: 47.229 | G86: 3.47 | H86: 28.44 | I86: 150.1 | J86: 163.88463 | K86: 1343.1928 | L86: 7089.0729 | M86: 144.04845 | N86: 1315.7999 | O86: 2955.5908 | P86: =C86*M86 -> 144.04845 | Q86: =$C86*N86 -> 1315.7999 | R86: =$C86*O86 -> 2955.5908
A87: T40 | B87: 100000000 | C87: =100000000/B87 -> 1 | E87: Test1 | F87: 204.486 | G87: 3.5 | H87: 29.07 | I87: 152.21 | J87: 715.701 | K87: 5944.408 | L87: 31124.814 | M87: 629.81688 | N87: 5934.1837 | O87: 14013.426 | P87: =C87*M87 -> 629.81688 | Q87: =$C87*N87 -> 5934.1837 | R87: =$C87*O87 -> 14013.426 | S87: =(F88-F87)/F87 -> -0.36173137 | T87: =(P88-P87)/P87 -> -0.35758676 | U87: =(Q88-Q87)/Q87 -> -0.3608516 | V87: =(R88-R87)/R87 -> -0.35986862
B88: 100000000 | C88: =100000000/B88 -> 1 | E88: Test2 | F88: 130.517 | G88: 3.52 | H88: 29.11 | I88: 152.42 | J88: 459.41984 | K88: 3799.3499 | L88: 19893.401 | M88: 404.6027 | N88: 3792.824 | O88: 8970.4334 | P88: =C88*M88 -> 404.6027 | Q88: =$C88*N88 -> 3792.824 | R88: =$C88*O88 -> 8970.4334
B89: 100000000 | C89: =100000000/B89 -> 1 | D89: Nuitka | E89: Test1 | F89: 156.761 | G89: 3.51 | H89: 28.96 | I89: 152.56 | J89: 550.23111 | K89: 4539.7986 | L89: 23915.458 | M89: 484.39149 | N89: 4531.9605 | O89: 10796.13 | P89: =C89*M89 -> 484.39149 | Q89: =$C89*N89 -> 4531.9605 | R89: =$C89*O89 -> 10796.13 | S89: =(F90-F89)/F89 -> -0.021497694 | T89: =(P90-P89)/P89 -> -0.024664368 | U89: =(Q90-Q89)/Q89 -> -0.0072821641 | V89: =(R90-R89)/R89 -> -0.0099892452
B90: 100000000 | C90: =100000000/B90 -> 1 | E90: Test2 | F90: 153.391 | G90: 3.5 | H90: 29.38 | I90: 153.37 | J90: 536.8685 | K90: 4506.6276 | L90: 23525.578 | M90: 472.44428 | N90: 4498.958 | O90: 10688.285 | P90: =C90*M90 -> 472.44428 | Q90: =$C90*N90 -> 4498.958 | R90: =$C90*O90 -> 10688.285
A91: T44 | B91: 100000000 | C91: =100000000/B91 -> 1 | E91: Test1 | F91: 6.248 | G91: 3.5 | H91: 28.18 | I91: 151.91 | J91: 21.868 | K91: 176.06864 | L91: 949.13368 | M91: 19.24384 | N91: 172.4448 | O91: 407.43208 | P91: =C91*M91 -> 19.24384 | Q91: =$C91*N91 -> 172.4448 | R91: =$C91*O91 -> 407.43208 | S91: =(F92-F91)/F91 -> -0.043213828 | T91: =(P92-P91)/P91 -> -0.04010738 | U91: =(Q92-Q91)/Q91 -> -0.04564046 | V91: =(R92-R91)/R91 -> -0.011228031
B92: 100000000 | C92: =100000000/B92 -> 1 | E92: Test2 | F92: 5.978 | G92: 3.51 | H92: 28.11 | I92: 154.08 | J92: 20.98278 | K92: 168.04158 | L92: 921.09024 | M92: 18.47202 | N92: 164.57434 | O92: 402.85742 | P92: =C92*M92 -> 18.47202 | Q92: =$C92*N92 -> 164.57434 | R92: =$C92*O92 -> 402.85742
B93: 100000000 | C93: =100000000/B93 -> 1 | D93: Nuitka | E93: Test1 | F93: 2.461 | G93: 3.54 | H93: 23.15 | I93: 147.29 | J93: 8.71194 | K93: 56.97215 | L93: 362.48069 | M93: 7.67832 | N93: 55.54477 | O93: 149.1366 | P93: =C93*M93 -> 7.67832 | Q93: =$C93*N93 -> 55.54477 | R93: =$C93*O93 -> 149.1366 | S93: =(F94-F93)/F93 -> -0.031694433 | T93: =(P94-P93)/P93 -> -0.02859089 | U93: =(Q94-Q93)/Q93 -> -0.017965688 | V93: =(R94-R93)/R93 -> -0.033292297
B94: 100000000 | C94: =100000000/B94 -> 1 | E94: Test2 | F94: 2.383 | G94: 3.55 | H94: 23.47 | I94: 147.2 | J94: 8.45965 | K94: 55.92901 | L94: 350.7776 | M94: 7.45879 | N94: 54.54687 | O94: 144.1715 | P94: =C94*M94 -> 7.45879 | Q94: =$C94*N94 -> 54.54687 | R94: =$C94*O94 -> 144.1715
A95: T49 | B95: 100000000 | C95: =100000000/B95 -> 1 | E95: Test1 | F95: 55.194 | G95: 3.5 | H95: 28.34 | I95: 148.56 | J95: 193.179 | K95: 1564.198 | L95: 8199.6206 | M95: 169.99752 | N95: 1532.1854 | O95: 3524.6888 | P95: =C95*M95 -> 169.99752 | Q95: =$C95*N95 -> 1532.1854 | R95: =$C95*O95 -> 3524.6888 | S95: =(F96-F95)/F95 -> -0.0040402942 | T95: =(P96-P95)/P95 -> -0.00080665883 | U95: =(Q96-Q95)/Q95 -> -0.013368447 | V95: =(R96-R95)/R95 -> -0.010590609
B96: 100000000 | C96: =100000000/B96 -> 1 | E96: Test2 | F96: 54.971 | G96: 3.51 | H96: 28.08 | I96: 148.14 | J96: 192.94821 | K96: 1543.5857 | L96: 8143.4039 | M96: 169.86039 | N96: 1511.7025 | O96: 3487.3602 | P96: =C96*M96 -> 169.86039 | Q96: =$C96*N96 -> 1511.7025 | R96: =$C96*O96 -> 3487.3602
B97: 100000000 | C97: =100000000/B97 -> 1 | D97: Nuitka | E97: Test1 | F97: 47.99 | G97: 3.5 | H97: 28.42 | I97: 150.15 | J97: 167.965 | K97: 1363.8758 | L97: 7205.6985 | M97: 147.8092 | N97: 1336.0416 | O97: 3141.4254 | P97: =C97*M97 -> 147.8092 | Q97: =$C97*N97 -> 1336.0416 | R97: =$C97*O97 -> 3141.4254 | S97: =(F98-F97)/F97 -> 0.095915816 | T97: =(P98-P97)/P97 -> 0.092357648 | U97: =(Q98-Q97)/Q97 -> 0.16362326 | V97: =(R98-R97)/R97 -> 0.17091891
B98: 100000000 | C98: =100000000/B98 -> 1 | E98: Test2 | F98: 52.593 | G98: 3.49 | H98: 30.14 | I98: 154.64 | J98: 183.54957 | K98: 1585.153 | L98: 8132.9815 | M98: 161.46051 | N98: 1554.6491 | O98: 3678.3544 | P98: =C98*M98 -> 161.46051 | Q98: =$C98*N98 -> 1554.6491 | R98: =$C98*O98 -> 3678.3544
A99: T50 | B99: 100000 | C99: =100000000/B99 -> 1000 | E99: Test1 | F99: 7.383 | G99: 3.49 | H99: 27.08 | I99: 147.85 | J99: 25.76667 | K99: 199.93164 | L99: 1091.5765 | M99: 22.66581 | N99: 195.6495 | O99: 502.26549 | P99: =C99*M99 -> 22665.81 | Q99: =$C99*N99 -> 195649.5 | R99: =$C99*O99 -> 502265.49 | S99: =(F100-F99)/F99 -> -0.21468238 | T99: =(P100-P99)/P99 -> -0.21212434 | U99: =(Q100-Q99)/Q99 -> -0.23098142 | V99: =(R100-R99)/R99 -> -0.22726501
B100: 100000 | C100: =100000000/B100 -> 1000 | E100: Test2 | F100: 5.798 | G100: 3.5 | H100: 26.53 | I100: 146.75 | J100: 20.293 | K100: 153.82094 | L100: 850.8565 | M100: 17.85784 | N100: 150.4581 | O100: 388.11812 | P100: =C100*M100 -> 17857.84 | Q100: =$C100*N100 -> 150458.1 | R100: =$C100*O100 -> 388118.12
...

Sheet Python Impact of Optimization
A1: Technique | B1: Code REPS | C1: Extrapolate | D1: Test | E1: Optimizacion | F1: Time (s) | G1: Power | J1: Consumption (with baseline) | M1: Consumption (without baseline) | P1: Consumption (without baseline) Extrapolate | S1: Impact of Optimization (O3-O0)/O0%
G2: HDD (w) | H2: CPU (w) | I2: DUT (w) | J2: HDD (J) | K2: CPU (J) | L2: DUT (J) | M2: HDD (J) | N2: CPU (J) | O2: DUT (J) | P2: HDD (J) | Q2: CPU (J) | R2: DUT (J) | S2: Time (s) | T2: HDD (J) | U2: CPU (J) | V2: DUT (J)
A3: T04 | B3: 100000000 | C3: =100000000/B3 -> 1 | D3: Test1 | F3: 85.152 | G3: 3.53 | H3: 29.51 | I3: 154.11 | J3: 300.58656 | K3: 2512.8355 | L3: 13122.775 | M3: 264.82272 | N3: 2463.4474 | O3: 5897.6275 | P3: =$C3*M3 -> 264.82272 | Q3: =$C3*N3 -> 2463.4474 | R3: =$C3*O3 -> 5897.6275 | S3: =(F4-F3)/F3 -> 0.60059658 | T3: =(P4-P3)/P3 -> 0.60059658 | U3: =(Q4-Q3)/Q3 -> 0.58289209 | V3: =(R4-R3)/R3 -> 0.59320139
B4: 100000000 | C4: =100000000/B4 -> 1 | E4: Nuitka | F4: 136.294 | G4: 3.53 | H4: 29.19 | I4: 153.79 | J4: 481.11782 | K4: 3978.4219 | L4: 20960.654 | M4: 423.87434 | N4: 3899.3713 | O4: 9396.1084 | P4: =C4*M4 -> 423.87434 | Q4: =$C4*N4 -> 3899.3713 | R4: =$C4*O4 -> 9396.1084
B5: 100000000 | C5: =100000000/B5 -> 1 | D5: Test2 | F5: 47.722 | G5: 3.53 | H5: 29.64 | I5: 154.36 | J5: 168.45866 | K5: 1414.4801 | L5: 7366.3679 | M5: 148.41542 | N5: 1386.8013 | O5: 3317.1562 | P5: =C5*M5 -> 148.41542 | Q5: =$C5*N5 -> 1386.8013 | R5: =$C5*O5 -> 3317.1562 | S5: =(F6-F5)/F5 -> -0.10318092 | T5: =(P6-P5)/P5 -> -0.10029726 | U5: =(Q6-Q5)/Q5 -> -0.13311604 | V5: =(R6-R5)/R5 -> -0.11505078
B6: 100000000 | C6: =100000000/B6 -> 1 | E6: Nuitka | F6: 42.798 | G6: 3.54 | H6: 28.67 | I6: 153.43 | J6: 151.50492 | K6: 1227.0187 | L6: 6566.4971 | M6: 133.52976 | N6: 1202.1958 | O6: 2935.5148 | P6: =C6*M6 -> 133.52976 | Q6: =$C6*N6 -> 1202.1958 | R6: =$C6*O6 -> 2935.5148
A7: T05 | B7: 100000 | C7: =100000000/B7 -> 1000 | D7: Test1 | F7: 5.619 | G7: 3.52 | H7: 25.68 | I7: 147.24 | J7: 19.77888 | K7: 144.29592 | L7: 827.34156 | M7: 17.4189 | N7: 141.0369 | O7: 347.36658 | P7: =C7*M7 -> 17418.9 | Q7: =$C7*N7 -> 141036.9 | R7: =$C7*O7 -> 347366.58 | S7: =(F8-F7)/F7 -> 0.11514504 | T7: =(P8-P7)/P7 -> 0.11874229 | U7: =(Q8-Q7)/Q7 -> 0.18667427 | V7: =(R8-R7)/R7 -> 0.21471801
B8: 100000 | C8: =100000000/B8 -> 1000 | E8: Nuitka | F8: 6.266 | G8: 3.53 | H8: 27.29 | I8: 152.75 | J8: 22.11898 | K8: 170.99914 | L8: 957.1315 | M8: 19.48726 | N8: 167.36486 | O8: 421.95244 | P8: =C8*M8 -> 19487.26 | Q8: =$C8*N8 -> 167364.86 | R8: =$C8*O8 -> 421952.44
B9: 100000 | C9: =100000000/B9 -> 1000 | D9: Test2 | F9: 5.267 | G9: 3.53 | H9: 25.34 | I9: 146.57 | J9: 18.59251 | K9: 133.46578 | L9: 771.98419 | M9: 16.38037 | N9: 130.41092 | O9: 322.12972 | P9: =C9*M9 -> 16380.37 | Q9: =$C9*N9 -> 130410.92 | R9: =$C9*O9 -> 322129.72 | S9: =(F10-F9)/F9 -> 0.13119423 | T9: =(P10-P9)/P9 -> 0.13483151 | U9: =(Q10-Q9)/Q9 -> 0.21845517 | V9: =(R10-R9)/R9 -> 0.20388215
B10: 100000 | C10: =100000000/B10 -> 1000 | E10: Nuitka | F10: 5.958 | G10: 3.54 | H10: 27.25 | I10: 150.51 | J10: 21.09132 | K10: 162.3555 | L10: 896.73858 | M10: 18.58896 | N10: 158.89986 | O10: 387.80622 | P10: =C10*M10 -> 18588.96 | Q10: =$C10*N10 -> 158899.86 | R10: =$C10*O10 -> 387806.22
A11: T07 | B11: 100000000 | C11: =100000000/B11 -> 1 | D11: Test1 | F11: 21.376 | G11: 3.5 | H11: 30.5 | I11: 155.66 | J11: 74.816 | K11: 651.968 | L11: 3327.3882 | M11: 65.83808 | N11: 639.56992 | O11: 1516.1997 | P11: =C11*M11 -> 65.83808 | Q11: =$C11*N11 -> 639.56992 | R11: =$C11*O11 -> 1516.1997 | S11: =(F12-F11)/F11 -> -0.10310629 | T11: =(P12-P11)/P11 -> -0.097282302 | U11: =(Q12-Q11)/Q11 -> -0.17265152 | V11: =(R12-R11)/R11 -> -0.15317959
B12: 100000000 | C12: =100000000/B12 -> 1 | E12: Nuitka | F12: 19.172 | G12: 3.52 | H12: 28.18 | I12: 151.7 | J12: 67.48544 | K12: 540.26696 | L12: 2908.3924 | M12: 59.4332 | N12: 529.1472 | O12: 1283.9488 | P12: =C12*M12 -> 59.4332 | Q12: =$C12*N12 -> 529.1472 | R12: =$C12*O12 -> 1283.9488
B13: 100000000 | C13: =100000000/B13 -> 1 | D13: Test2 | F13: 15.072 | G13: 3.53 | H13: 29.56 | I13: 154.52 | J13: 53.20416 | K13: 445.52832 | L13: 2328.9254 | M13: 46.87392 | N13: 436.78656 | O13: 1051.8749 | P13: =C13*M13 -> 46.87392 | Q13: =$C13*N13 -> 436.78656 | R13: =$C13*O13 -> 1051.8749 | S13: =(F14-F13)/F13 -> -0.22558386 | T13: =(P14-P13)/P13 -> -0.22807395 | U13: =(Q14-Q13)/Q13 -> -0.27689094 | V13: =(R14-R13)/R13 -> -0.28162057
B14: 100000000 | C14: =100000000/B14 -> 1 | E14: Nuitka | F14: 11.672 | G14: 3.52 | H14: 27.64 | I14: 149.47 | J14: 41.08544 | K14: 322.61408 | L14: 1744.6138 | M14: 36.1832 | N14: 315.84432 | O14: 755.64528 | P14: =C14*M14 -> 36.1832 | Q14: =$C14*N14 -> 315.84432 | R14: =$C14*O14 -> 755.64528
A15: T08 | B15: 100000000 | C15: =100000000/B15 -> 1 | D15: Test1 | F15: 24.301 | G15: 3.49 | H15: 26.4 | I15: 146.41 | J15: 84.81049 | K15: 641.5464 | L15: 3557.9094 | M15: 74.60407 | N15: 627.45182 | O15: 1506.419 | P15: =C15*M15 -> 74.60407 | Q15: =$C15*N15 -> 627.45182 | R15: =$C15*O15 -> 1506.419 | S15: =(F16-F15)/F15 -> -0.25928974 | T15: =(P16-P15)/P15 -> -0.256877 | U15: =(Q16-Q15)/Q15 -> -0.26359286 | V15: =(R16-R15)/R15 -> -0.25570508
B16: 100000000 | C16: =100000000/B16 -> 1 | E16: Nuitka | F16: 18 | G16: 3.5 | H16: 26.25 | I16: 146.72 | J16: 63 | K16: 472.5 | L16: 2640.96 | M16: 55.44 | N16: 462.06 | O16: 1121.22 | P16: =C16*M16 -> 55.44 | Q16: =$C16*N16 -> 462.06 | R16: =$C16*O16 -> 1121.22
B17: 100000000 | C17: =100000000/B17 -> 1 | D17: Test2 | F17: 7.115 | G17: 3.5 | H17: 26.15 | I17: 147.14 | J17: 24.9025 | K17: 186.05725 | L17: 1046.9011 | M17: 21.9142 | N17: 181.93055 | O17: 446.2528 | P17: =C17*M17 -> 21.9142 | Q17: =$C17*N17 -> 181.93055 | R17: =$C17*O17 -> 446.2528 | S17: =(F18-F17)/F17 -> 0.14546732 | T17: =(P18-P17)/P17 -> 0.15290542 | U17: =(Q18-Q17)/Q17 -> 0.17503355 | V17: =(R18-R17)/R17 -> 0.1785237
B18: 100000000 | C18: =100000000/B18 -> 1 | E18: Nuitka | F18: 8.15 | G18: 3.52 | H18: 26.81 | I18: 148.96 | J18: 28.688 | K18: 218.5015 | L18: 1214.024 | M18: 25.265 | N18: 213.7745 | O18: 525.9195 | P18: =C18*M18 -> 25.265 | Q18: =$C18*N18 -> 213.7745 | R18: =$C18*O18 -> 525.9195
A19: T09 | B19: 100000000 | C19: =100000000/B19 -> 1 | D19: Test1 | F19: 6.021 | G19: 3.5 | H19: 27.76 | I19: 154.59 | J19: 21.0735 | K19: 167.14296 | L19: 930.78639 | M19: 18.54468 | N19: 163.65078 | O19: 431.28423 | P19: =C19*M19 -> 18.54468 | Q19: =$C19*N19 -> 163.65078 | R19: =$C19*O19 -> 431.28423 | S19: =(F20-F19)/F19 -> -0.48978575 | T19: =(P20-P19)/P19 -> -0.48150305 | U19: =(Q20-Q19)/Q19 -> -0.55942868 | V19: =(R20-R19)/R19 -> -0.53430396
B20: 100000000 | C20: =100000000/B20 -> 1 | E20: Nuitka | F20: 3.072 | G20: 3.55 | H20: 24.05 | I20: 148.34 | J20: 10.9056 | K20: 73.8816 | L20: 455.70048 | M20: 9.61536 | N20: 72.09984 | O20: 200.84736 | P20: =C20*M20 -> 9.61536 | Q20: =$C20*N20 -> 72.09984 | R20: =$C20*O20 -> 200.84736
B21: 100000000 | C21: =100000000/B21 -> 1 | D21: Test2 | F21: 4.404 | G21: 3.53 | H21: 25.93 | I21: 148.46 | J21: 15.54612 | K21: 114.19572 | L21: 653.81784 | M21: 13.69644 | N21: 111.6414 | O21: 288.50604 | P21: =C21*M21 -> 13.69644 | Q21: =$C21*N21 -> 111.6414 | R21: =$C21*O21 -> 288.50604 | S21: =(F22-F21)/F21 -> -0.48274296 | T21: =(P22-P21)/P21 -> -0.47775334 | U21: =(Q22-Q21)/Q21 -> -0.53191809 | V21: =(R22-R21)/R21 -> -0.50066654
B22: 100000000 | C22: =100000000/B22 -> 1 | E22: Nuitka | F22: 2.278 | G22: 3.56 | H22: 23.52 | I22: 146.19 | J22: 8.10968 | K22: 53.57856 | L22: 333.02082 | M22: 7.15292 | N22: 52.25732 | O22: 144.06072 | P22: =C22*M22 -> 7.15292 | Q22: =$C22*N22 -> 52.25732 | R22: =$C22*O22 -> 144.06072
A23: T10 | B23: 100000000 | C23: =100000000/B23 -> 1 | D23: Test1 | F23: 24.738 | G23: 3.57 | H23: 30.06 | I23: 154.29 | J23: 88.31466 | K23: 743.62428 | L23: 3816.826 | M23: 77.9247 | N23: 729.27624 | O23: 1697.2742 | P23: =C23*M23 -> 77.9247 | Q23: =$C23*N23 -> 729.27624 | R23: =$C23*O23 -> 1697.2742 | S23: =(F24-F23)/F23 -> -0.45031935 | T23: =(P24-P23)/P23 -> -0.45904444 | U23: =(Q24-Q23)/Q23 -> -0.46896523 | V23: =(R24-R23)/R23 -> -0.45744973
B24: 100000000 | C24: =100000000/B24 -> 1 | E24: Nuitka | F24: 13.598 | G24: 3.52 | H24: 29.06 | I24: 153.4 | J24: 47.86496 | K24: 395.15788 | L24: 2085.9332 | M24: 42.1538 | N24: 387.27104 | O24: 920.85656 | P24: =C24*M24 -> 42.1538 | Q24: =$C24*N24 -> 387.27104 | R24: =$C24*O24 -> 920.85656
B25: 100000000 | C25: =100000000/B25 -> 1 | D25: Test2 | F25: 12.741 | G25: 3.52 | H25: 28.86 | I25: 152.53 | J25: 44.84832 | K25: 367.70526 | L25: 1943.3847 | M25: 39.4971 | N25: 360.31548 | O25: 851.86326 | P25: =C25*M25 -> 39.4971 | Q25: =$C25*N25 -> 360.31548 | R25: =$C25*O25 -> 851.86326 | S25: =(F26-F25)/F25 -> -0.62718782 | T25: =(P26-P25)/P25 -> -0.62357996 | U25: =(Q26-Q25)/Q25 -> -0.68268779 | V25: =(R26-R25)/R25 -> -0.66187062
B26: 100000000 | C26: =100000000/B26 -> 1 | E26: Nuitka | F26: 4.75 | G26: 3.55 | H26: 24.65 | I26: 146.31 | J26: 16.8625 | K26: 117.0875 | L26: 694.9725 | M26: 14.8675 | N26: 114.3325 | O26: 288.04 | P26: =C26*M26 -> 14.8675 | Q26: =$C26*N26 -> 114.3325 | R26: =$C26*O26 -> 288.04
A27: T11 | B27: 100000000 | C27: =100000000/B27 -> 1 | D27: Test1 | F27: 37.828 | G27: 3.53 | H27: 29.23 | I27: 153.68 | J27: 133.53284 | K27: 1105.7124 | L27: 5813.407 | M27: 117.64508 | N27: 1083.7722 | O27: 2551.1203 | P27: =C27*M27 -> 117.64508 | Q27: =$C27*N27 -> 1083.7722 | R27: =$C27*O27 -> 2551.1203 | S27: =(F28-F27)/F27 -> -0.097890452 | T27: =(P28-P27)/P27 -> -0.092089104 | U27: =(Q28-Q27)/Q27 -> -0.11709767 | V27: =(R28-R27)/R27 -> -0.11260458
B28: 100000000 | C28: =100000000/B28 -> 1 | E28: Nuitka | F28: 34.125 | G28: 3.55 | H28: 28.62 | I28: 152.58 | J28: 121.14375 | K28: 976.6575 | L28: 5206.7925 | M28: 106.81125 | N28: 956.865 | O28: 2263.8525 | P28: =C28*M28 -> 106.81125 | Q28: =$C28*N28 -> 956.865 | R28: =$C28*O28 -> 2263.8525
B29: 100000000 | C29: =100000000/B29 -> 1 | D29: Test2 | F29: 28.799 | G29: 3.55 | H29: 29.4 | I29: 153.3 | J29: 102.23645 | K29: 846.6906 | L29: 4414.8867 | M29: 90.14087 | N29: 829.98718 | O29: 1931.2609 | P29: =C29*M29 -> 90.14087 | Q29: =$C29*N29 -> 829.98718 | R29: =$C29*O29 -> 1931.2609 | S29: =(F30-F29)/F29 -> -0.049897566 | T29: =(P30-P29)/P29 -> -0.055968508 | U29: =(Q30-Q29)/Q29 -> -0.08286434 | V29: =(R30-R29)/R29 -> -0.075258189
B30: 100000000 | C30: =100000000/B30 -> 1 | E30: Nuitka | F30: 27.362 | G30: 3.53 | H30: 28.4 | I30: 151.52 | J30: 96.58786 | K30: 777.0808 | L30: 4145.8902 | M30: 85.09582 | N30: 761.21084 | O30: 1785.9177 | P30: =C30*M30 -> 85.09582 | Q30: =$C30*N30 -> 761.21084 | R30: =$C30*O30 -> 1785.9177
A31: T12 | B31: 100000000 | C31: =100000000/B31 -> 1 | D31: Test1 | F31: 9.721 | G31: 3.56 | H31: 26.71 | I31: 149.67 | J31: 34.60676 | K31: 259.64791 | L31: 1454.9421 | M31: 30.52394 | N31: 254.00973 | O31: 602.41037 | P31: =C31*M31 -> 30.52394 | Q31: =$C31*N31 -> 254.00973 | R31: =$C31*O31 -> 602.41037 | S31: =(F32-F31)/F31 -> -0.48287213 | T31: =(P32-P31)/P31 -> -0.48122523 | U31: =(Q32-Q31)/Q31 -> -0.50483968 | V31: =(R32-R31)/R31 -> -0.49255211
B32: 100000000 | C32: =100000000/B32 -> 1 | E32: Nuitka | F32: 5.027 | G32: 3.57 | H32: 25.6 | I32: 148.51 | J32: 17.94639 | K32: 128.6912 | L32: 746.55977 | M32: 15.83505 | N32: 125.77554 | O32: 305.69187 | P32: =C32*M32 -> 15.83505 | Q32: =$C32*N32 -> 125.77554 | R32: =$C32*O32 -> 305.69187
B33: 100000000 | C33: =100000000/B33 -> 1 | D33: Test2 | F33: 7.939 | G33: 3.53 | H33: 26.43 | I33: 147.94 | J33: 28.02467 | K33: 209.82777 | L33: 1174.4957 | M33: 24.69029 | N33: 205.22315 | O33: 478.24536 | P33: =C33*M33 -> 24.69029 | Q33: =$C33*N33 -> 205.22315 | R33: =$C33*O33 -> 478.24536 | S33: =(F34-F33)/F33 -> -0.47461897 | T33: =(P34-P33)/P33 -> -0.46617233 | U33: =(Q34-Q33)/Q33 -> -0.49819506 | V33: =(R34-R33)/R33 -> -0.46301942
B34: 100000000 | C34: =100000000/B34 -> 1 | E34: Nuitka | F34: 4.171 | G34: 3.58 | H34: 25.27 | I34: 149.27 | J34: 14.93218 | K34: 105.40117 | L34: 622.60517 | M34: 13.18036 | N34: 102.98199 | O34: 256.80847 | P34: =C34*M34 -> 13.18036 | Q34: =$C34*N34 -> 102.98199 | R34: =$C34*O34 -> 256.80847
A35: T13 | B35: 100000000 | C35: =100000000/B35 -> 1 | D35: Test1 | F35: 234.016 | G35: 3.48 | H35: 29.73 | I35: 153.98 | J35: 814.37568 | K35: 6957.2957 | L35: 36033.784 | M35: 716.08896 | N35: 6821.5664 | O35: 16170.506 | P35: =C35*M35 -> 716.08896 | Q35: =$C35*N35 -> 6821.5664 | R35: =$C35*O35 -> 16170.506 | S35: =(F36-F35)/F35 -> -0.55660297 | T35: =(P36-P35)/P35 -> -0.55080693 | U35: =(Q36-Q35)/Q35 -> -0.58383044 | V35: =(R36-R35)/R35 -> -0.57983158
B36: 100000000 | C36: =100000000/B36 -> 1 | E36: Nuitka | F36: 103.762 | G36: 3.52 | H36: 27.94 | I36: 150.36 | J36: 365.24224 | K36: 2899.1103 | L36: 15601.654 | M36: 321.6622 | N36: 2838.9283 | O36: 6794.3358 | P36: =C36*M36 -> 321.6622 | Q36: =$C36*N36 -> 2838.9283 | R36: =$C36*O36 -> 6794.3358
B37: 100000000 | C37: =100000000/B37 -> 1 | D37: Test2 | F37: 192.293 | G37: 3.5 | H37: 29.35 | I37: 153.78 | J37: 673.0255 | K37: 5643.7996 | L37: 29570.818 | M37: 592.26244 | N37: 5532.2696 | O37: 13250.911 | P37: =C37*M37 -> 592.26244 | Q37: =$C37*N37 -> 5532.2696 | R37: =$C37*O37 -> 13250.911 | S37: =(F38-F37)/F37 -> -0.47833775 | T37: =(P38-P37)/P37 -> -0.47325662 | U37: =(Q38-Q37)/Q37 -> -0.50553599 | V37: =(R38-R37)/R37 -> -0.50188106
B38: 100000000 | C38: =100000000/B38 -> 1 | E38: Nuitka | F38: 100.312 | G38: 3.53 | H38: 27.85 | I38: 150.68 | J38: 354.10136 | K38: 2793.6892 | L38: 15115.012 | M38: 311.97032 | N38: 2735.5082 | O38: 6600.5296 | P38: =C38*M38 -> 311.97032 | Q38: =$C38*N38 -> 2735.5082 | R38: =$C38*O38 -> 6600.5296
A39: T16 | B39: 100000000 | C39: =100000000/B39 -> 1 | D39: Test1 | F39: 8.639 | G39: 3.51 | H39: 26.38 | I39: 147.4 | J39: 30.32289 | K39: 227.89682 | L39: 1273.3886 | M39: 26.69451 | N39: 222.8862 | O39: 525.07842 | P39: =C39*M39 -> 26.69451 | Q39: =$C39*N39 -> 222.8862 | R39: =$C39*O39 -> 525.07842 | S39: =(F40-F39)/F39 -> -0.49288112 | T39: =(P40-P39)/P39 -> -0.48631647 | U39: =(Q40-Q39)/Q39 -> -0.51234033 | V39: =(R40-R39)/R39 -> -0.47827997
B40: 100000000 | C40: =100000000/B40 -> 1 | E40: Nuitka | F40: 4.381 | G40: 3.55 | H40: 25.39 | I40: 149.15 | J40: 15.55255 | K40: 111.23359 | L40: 653.42615 | M40: 13.71253 | N40: 108.69261 | O40: 273.94393 | P40: =C40*M40 -> 13.71253 | Q40: =$C40*N40 -> 108.69261 | R40: =$C40*O40 -> 273.94393
B41: 100000000 | C41: =100000000/B41 -> 1 | D41: Test2 | F41: 8.46 | G41: 3.51 | H41: 26.75 | I41: 149.55 | J41: 29.6946 | K41: 226.305 | L41: 1265.193 | M41: 26.1414 | N41: 221.3982 | O41: 532.3878 | P41: =C41*M41 -> 26.1414 | Q41: =$C41*N41 -> 221.3982 | R41: =$C41*O41 -> 532.3878 | S41: =(F42-F41)/F41 -> -0.43664303 | T41: =(P42-P41)/P41 -> -0.4329967 | U41: =(Q42-Q41)/Q41 -> -0.46096834 | V41: =(R42-R41)/R41 -> -0.44478946
B42: 100000000 | C42: =100000000/B42 -> 1 | E42: Nuitka | F42: 4.766 | G42: 3.53 | H42: 25.62 | I42: 148.64 | J42: 16.82398 | K42: 122.10492 | L42: 708.41824 | M42: 14.82226 | N42: 119.34064 | O42: 295.58732 | P42: =C42*M42 -> 14.82226 | Q42: =$C42*N42 -> 119.34064 | R42: =$C42*O42 -> 295.58732
A43: T17 | B43: 100000000 | C43: =100000000/B43 -> 1 | D43: Test1 | F43: 8.168 | G43: 3.52 | H43: 26.42 | I43: 147.22 | J43: 28.75136 | K43: 215.79856 | L43: 1202.493 | M43: 25.3208 | N43: 211.06112 | O43: 518.01456 | P43: =C43*M43 -> 25.3208 | Q43: =$C43*N43 -> 211.06112 | R43: =$C43*O43 -> 518.01456 | S43: =(F44-F43)/F43 -> -0.45727228 | T43: =(P44-P43)/P43 -> -0.45202008 | U43: =(Q44-Q43)/Q43 -> -0.47785561 | V43: =(R44-R43)/R43 -> -0.45906939
B44: 100000000 | C44: =100000000/B44 -> 1 | E44: Nuitka | F44: 4.433 | G44: 3.55 | H44: 25.44 | I44: 147.01 | J44: 15.73715 | K44: 112.77552 | L44: 651.69533 | M44: 13.87529 | N44: 110.20438 | O44: 280.20993 | P44: =C44*M44 -> 13.87529 | Q44: =$C44*N44 -> 110.20438 | R44: =$C44*O44 -> 280.20993
B45: 100000000 | C45: =100000000/B45 -> 1 | D45: Test2 | F45: 8.563 | G45: 3.52 | H45: 26.32 | I45: 146.7 | J45: 30.14176 | K45: 225.37816 | L45: 1256.1921 | M45: 26.5453 | N45: 220.41162 | O45: 538.6127 | P45: =C45*M45 -> 26.5453 | Q45: =$C45*N45 -> 220.41162 | R45: =$C45*O45 -> 538.6127 | S45: =(F46-F45)/F45 -> -0.4229826 | T45: =(P46-P45)/P45 -> -0.41739856 | U45: =(Q46-Q45)/Q45 -> -0.43508786 | V45: =(R46-R45)/R45 -> -0.40812142
B46: 100000000 | C46: =100000000/B46 -> 1 | E46: Nuitka | F46: 4.941 | G46: 3.55 | H46: 25.78 | I46: 148.32 | J46: 17.54055 | K46: 127.37898 | L46: 732.84912 | M46: 15.46533 | N46: 124.5132 | O46: 318.79332 | P46: =C46*M46 -> 15.46533 | Q46: =$C46*N46 -> 124.5132 | R46: =$C46*O46 -> 318.79332
A47: T19 | B47: 100000000 | C47: =100000000/B47 -> 1 | D47: Test1 | F47: 128.314 | G47: 3.5 | H47: 28.32 | I47: 150.9 | J47: 449.099 | K47: 3633.8525 | L47: 19362.583 | M47: 395.20712 | N47: 3559.4304 | O47: 8475.1397 | P47: =C47*M47 -> 395.20712 | Q47: =$C47*N47 -> 3559.4304 | R47: =$C47*O47 -> 8475.1397 | S47: =(F48-F47)/F47 -> -0.043868946 | T47: =(P48-P47)/P47 -> -0.040764625 | U47: =(Q48-Q47)/Q47 -> -0.028703205 | V47: =(R48-R47)/R47 -> -0.031130183
B48: 100000000 | C48: =100000000/B48 -> 1 | E48: Nuitka | F48: 122.685 | G48: 3.51 | H48: 28.76 | I48: 151.77 | J48: 430.62435 | K48: 3528.4206 | L48: 18619.902 | M48: 379.09665 | N48: 3457.2633 | O48: 8211.3071 | P48: =C48*M48 -> 379.09665 | Q48: =$C48*N48 -> 3457.2633 | R48: =$C48*O48 -> 8211.3071
B49: 100000000 | C49: =100000000/B49 -> 1 | D49: Test2 | F49: 132.509 | G49: 3.5 | H49: 28.34 | I49: 151.3 | J49: 463.7815 | K49: 3755.3051 | L49: 20048.612 | M49: 408.12772 | N49: 3678.4498 | O49: 8806.5481 | P49: =C49*M49 -> 408.12772 | Q49: =$C49*N49 -> 3678.4498 | R49: =$C49*O49 -> 8806.5481 | S49: =(F50-F49)/F49 -> -0.039287897 | T49: =(P50-P49)/P49 -> -0.039287897 | U49: =(Q50-Q49)/Q49 -> -0.012293825 | V49: =(R50-R49)/R49 -> -0.017170992
B50: 100000000 | C50: =100000000/B50 -> 1 | E50: Nuitka | F50: 127.303 | G50: 3.5 | H50: 29.12 | I50: 152.84 | J50: 445.5605 | K50: 3707.0634 | L50: 19456.991 | M50: 392.09324 | N50: 3633.2276 | O50: 8655.331 | P50: =C50*M50 -> 392.09324 | Q50: =$C50*N50 -> 3633.2276 | R50: =$C50*O50 -> 8655.331
A51: T20 | B51: 100000000 | C51: =100000000/B51 -> 1 | D51: Test1 | F51: 69.499 | G51: 3.5 | H51: 28.63 | I51: 151.7 | J51: 243.2465 | K51: 1989.7564 | L51: 10542.998 | M51: 214.05692 | N51: 1949.447 | O51: 4528.5548 | P51: =C51*M51 -> 214.05692 | Q51: =$C51*N51 -> 1949.447 | R51: =$C51*O51 -> 4528.5548 | S51: =(F52-F51)/F51 -> -0.07361257 | T51: =(P52-P51)/P51 -> -0.070604819 | U51: =(Q52-Q51)/Q51 -> -0.079557302 | V51: =(R52-R51)/R51 -> -0.073186056
B52: 100000000 | C52: =100000000/B52 -> 1 | E52: Nuitka | F52: 64.383 | G52: 3.51 | H52: 28.45 | I52: 151.74 | J52: 225.98433 | K52: 1831.6963 | L52: 9769.4764 | M52: 198.94347 | N52: 1794.3542 | O52: 4197.1278 | P52: =C52*M52 -> 198.94347 | Q52: =$C52*N52 -> 1794.3542 | R52: =$C52*O52 -> 4197.1278
B53: 100000000 | C53: =100000000/B53 -> 1 | D53: Test2 | F53: 61.884 | G53: 3.52 | H53: 28.61 | I53: 153.48 | J53: 217.83168 | K53: 1770.5012 | L53: 9497.9563 | M53: 191.8404 | N53: 1734.6085 | O53: 4141.8961 | P53: =C53*M53 -> 191.8404 | Q53: =$C53*N53 -> 1734.6085 | R53: =$C53*O53 -> 4141.8961 | S53: =(F54-F53)/F53 -> 0.11256545 | T53: =(P54-P53)/P53 -> 0.11256545 | U53: =(Q54-Q53)/Q53 -> 0.10859625 | V53: =(R54-R53)/R53 -> 0.094280341
B54: 100000000 | C54: =100000000/B54 -> 1 | E54: Nuitka | F54: 68.85 | G54: 3.52 | H54: 28.51 | I54: 152.38 | J54: 242.352 | K54: 1962.9135 | L54: 10491.363 | M54: 213.435 | N54: 1922.9805 | O54: 4532.3955 | P54: =C54*M54 -> 213.435 | Q54: =$C54*N54 -> 1922.9805 | R54: =$C54*O54 -> 4532.3955
A55: T25 | B55: 100000000 | C55: =100000000/B55 -> 1 | D55: Test1 | F55: 181.419 | G55: 3.49 | H55: 28.12 | I55: 150.23 | J55: 633.15231 | K55: 5101.5023 | L55: 27254.576 | M55: 556.95633 | N55: 4996.2793 | O55: 11808.563 | P55: =C55*M55 -> 556.95633 | Q55: =$C55*N55 -> 4996.2793 | R55: =$C55*O55 -> 11808.563 | S55: =(F56-F55)/F55 -> -0.12613894 | T55: =(P56-P55)/P55 -> -0.12613894 | U55: =(Q56-Q55)/Q55 -> -0.1036102 | V55: =(R56-R55)/R55 -> -0.10183891
B56: 100000000 | C56: =100000000/B56 -> 1 | E56: Nuitka | F56: 158.535 | G56: 3.49 | H56: 28.83 | I56: 152.04 | J56: 553.28715 | K56: 4570.564 | L56: 24103.661 | M56: 486.70245 | N56: 4478.6138 | O56: 10605.992 | P56: =C56*M56 -> 486.70245 | Q56: =$C56*N56 -> 4478.6138 | R56: =$C56*O56 -> 10605.992
B57: 100000000 | C57: =100000000/B57 -> 1 | D57: Test2 | F57: 172.815 | G57: 3.51 | H57: 28.31 | I57: 151.2 | J57: 606.58065 | K57: 4892.3926 | L57: 26129.628 | M57: 533.99835 | N57: 4792.16 | O57: 11414.431 | P57: =C57*M57 -> 533.99835 | Q57: =$C57*N57 -> 4792.16 | R57: =$C57*O57 -> 11414.431 | S57: =(F58-F57)/F57 -> -0.14111044 | T57: =(P58-P57)/P57 -> -0.13833086 | U57: =(Q58-Q57)/Q57 -> -0.12159726 | V57: =(R58-R57)/R57 -> -0.12069474
B58: 100000000 | C58: =100000000/B58 -> 1 | E58: Nuitka | F58: 148.429 | G58: 3.52 | H58: 28.94 | I58: 152.76 | J58: 522.47008 | K58: 4295.5353 | L58: 22674.014 | M58: 460.1299 | N58: 4209.4464 | O58: 10036.769 | P58: =C58*M58 -> 460.1299 | Q58: =$C58*N58 -> 4209.4464 | R58: =$C58*O58 -> 10036.769
A59: T26 | B59: 100000000 | C59: =100000000/B59 -> 1 | D59: Test1 | F59: 173.517 | G59: 3.51 | H59: 29.02 | I59: 152.58 | J59: 609.04467 | K59: 5035.4633 | L59: 26475.224 | M59: 536.16753 | N59: 4934.8235 | O59: 11367.099 | P59: =C59*M59 -> 536.16753 | Q59: =$C59*N59 -> 4934.8235 | R59: =$C59*O59 -> 11367.099 | S59: =(F60-F59)/F59 -> -0.13059239 | T59: =(P60-P59)/P59 -> -0.13059239 | U59: =(Q60-Q59)/Q59 -> -0.13181519 | V59: =(R60-R59)/R59 -> -0.13191953
B60: 100000000 | C60: =100000000/B60 -> 1 | E60: Nuitka | F60: 150.857 | G60: 3.51 | H60: 28.98 | I60: 152.47 | J60: 529.50807 | K60: 4371.8359 | L60: 23001.167 | M60: 466.14813 | N60: 4284.3388 | O60: 9867.5564 | P60: =C60*M60 -> 466.14813 | Q60: =$C60*N60 -> 4284.3388 | R60: =$C60*O60 -> 9867.5564
B61: 100000000 | C61: =100000000/B61 -> 1 | D61: Test2 | F61: 127.854 | G61: 3.5 | H61: 29.48 | I61: 153.56 | J61: 447.489 | K61: 3769.1359 | L61: 19633.26 | M61: 393.79032 | N61: 3694.9806 | O61: 8502.291 | P61: =C61*M61 -> 393.79032 | Q61: =$C61*N61 -> 3694.9806 | R61: =$C61*O61 -> 8502.291 | S61: =(F62-F61)/F61 -> 0.019217232 | T61: =(P62-P61)/P61 -> 0.015908085 | U61: =(Q62-Q61)/Q61 -> -0.024513888 | V61: =(R62-R61)/R61 -> -0.032893123
B62: 100000000 | C62: =100000000/B62 -> 1 | E62: Nuitka | F62: 130.311 | G62: 3.49 | H62: 28.24 | I62: 150.17 | J62: 454.78539 | K62: 3679.9826 | L62: 19568.803 | M62: 400.05477 | N62: 3604.4023 | O62: 8222.6241 | P62: =C62*M62 -> 400.05477 | Q62: =$C62*N62 -> 3604.4023 | R62: =$C62*O62 -> 8222.6241
A63: T28 | B63: 100000000 | C63: =100000000/B63 -> 1 | D63: Test1 | F63: 202.865 | G63: 3.49 | H63: 29.25 | I63: 150.57 | J63: 707.99885 | K63: 5933.8013 | L63: 30545.383 | M63: 622.79555 | N63: 5816.1396 | O63: 14007.828 | P63: =C63*M63 -> 622.79555 | Q63: =$C63*N63 -> 5816.1396 | R63: =$C63*O63 -> 14007.828 | S63: =(F64-F63)/F63 -> -0.058704064 | T63: =(P64-P63)/P63 -> -0.055637954 | U63: =(Q64-Q63)/Q63 -> -0.01930556 | V63: =(R64-R63)/R63 -> -0.027622895
B64: 100000000 | C64: =100000000/B64 -> 1 | E64: Nuitka | F64: 190.956 | G64: 3.5 | H64: 30.45 | I64: 152.86 | J64: 668.346 | K64: 5814.6102 | L64: 29189.534 | M64: 588.14448 | N64: 5703.8557 | O64: 13620.891 | P64: =C64*M64 -> 588.14448 | Q64: =$C64*N64 -> 5703.8557 | R64: =$C64*O64 -> 13620.891
B65: 100000000 | C65: =100000000/B65 -> 1 | D65: Test2 | F65: 242.576 | G65: 3.53 | H65: 29.57 | I65: 152.9 | J65: 856.29328 | K65: 7172.9723 | L65: 37089.87 | M65: 754.41136 | N65: 7032.2782 | O65: 17312.649 | P65: =C65*M65 -> 754.41136 | Q65: =$C65*N65 -> 7032.2782 | R65: =$C65*O65 -> 17312.649 | S65: =(F66-F65)/F65 -> -0.064639536 | T65: =(P66-P65)/P65 -> -0.061631946 | U65: =(Q66-Q65)/Q65 -> -0.065607484 | V65: =(R66-R65)/R65 -> -0.040786992
B66: 100000000 | C66: =100000000/B66 -> 1 | E66: Nuitka | F66: 226.896 | G66: 3.54 | H66: 29.54 | I66: 154.71 | J66: 803.21184 | K66: 6702.5078 | L66: 35103.08 | M66: 707.91552 | N66: 6570.9082 | O66: 16606.518 | P66: =C66*M66 -> 707.91552 | Q66: =$C66*N66 -> 6570.9082 | R66: =$C66*O66 -> 16606.518
A67: T29 | B67: 100000000 | C67: =100000000/B67 -> 1 | D67: Test1 | F67: 5.654 | G67: 3.52 | H67: 25.27 | I67: 144.68 | J67: 19.90208 | K67: 142.87658 | L67: 818.02072 | M67: 17.5274 | N67: 139.59726 | O67: 345.57248 | P67: =C67*M67 -> 17.5274 | Q67: =$C67*N67 -> 139.59726 | R67: =$C67*O67 -> 345.57248 | S67: =(F68-F67)/F67 -> -0.47205518 | T67: =(P68-P67)/P67 -> -0.46864909 | U67: =(Q68-Q67)/Q67 -> -0.51332426 | V67: =(R68-R67)/R67 -> -0.47784254
B68: 100000000 | C68: =100000000/B68 -> 1 | E68: Nuitka | F68: 2.985 | G68: 3.54 | H68: 23.34 | I68: 144.02 | J68: 10.5669 | K68: 69.6699 | L68: 429.8997 | M68: 9.3132 | N68: 67.9386 | O68: 180.44325 | P68: =C68*M68 -> 9.3132 | Q68: =$C68*N68 -> 67.9386 | R68: =$C68*O68 -> 180.44325
B69: 100000000 | C69: =100000000/B69 -> 1 | D69: Test2 | F69: 5.873 | G69: 3.51 | H69: 25.7 | I69: 146.01 | J69: 20.61423 | K69: 150.9361 | L69: 857.51673 | M69: 18.14757 | N69: 147.52976 | O69: 366.71012 | P69: =C69*M69 -> 18.14757 | Q69: =$C69*N69 -> 147.52976 | R69: =$C69*O69 -> 366.71012 | S69: =(F70-F69)/F69 -> -0.41818491 | T69: =(P70-P69)/P69 -> -0.41065333 | U69: =(Q70-Q69)/Q69 -> -0.44250441 | V69: =(R70-R69)/R69 -> -0.42023487
B70: 100000000 | C70: =100000000/B70 -> 1 | E70: Nuitka | F70: 3.417 | G70: 3.55 | H70: 24.65 | I70: 145.79 | J70: 12.13035 | K70: 84.22905 | L70: 498.16443 | M70: 10.69521 | N70: 82.24719 | O70: 212.60574 | P70: =C70*M70 -> 10.69521 | Q70: =$C70*N70 -> 82.24719 | R70: =$C70*O70 -> 212.60574
A71: T31 | B71: 100000000 | C71: =100000000/B71 -> 1 | D71: Test1 | F71: 154.828 | G71: 3.64 | H71: 29.8 | I71: 151.9 | J71: 563.57392 | K71: 4613.8744 | L71: 23518.373 | M71: 535.70488 | N71: 4581.3605 | O71: 10282.127 | P71: =C71*M71 -> 535.70488 | Q71: =$C71*N71 -> 4581.3605 | R71: =$C71*O71 -> 10282.127 | S71: =(F72-F71)/F71 -> 1.5585165 | T71: =(P72-P71)/P71 -> 1.5289383 | U71: =(Q72-Q71)/Q71 -> 1.710696 | V71: =(R72-R71)/R71 -> 1.7781152
B72: 100000000 | C72: =100000000/B72 -> 1 | E72: Nuitka | F72: 396.13 | G72: 3.6 | H72: 31.56 | I72: 157.61 | J72: 1426.068 | K72: 12501.863 | L72: 62434.049 | M72: 1354.7646 | N72: 12418.675 | O72: 28564.934 | P72: =C72*M72 -> 1354.7646 | Q72: =$C72*N72 -> 12418.675 | R72: =$C72*O72 -> 28564.934
B73: 100000000 | C73: =100000000/B73 -> 1 | D73: Test2 | F73: 309.082 | G73: 3.64 | H73: 30.72 | I73: 157.76 | J73: 1125.0585 | K73: 9494.999 | L73: 48760.776 | M73: 1069.4237 | N73: 9430.0918 | O73: 22337.356 | P73: =C73*M73 -> 1069.4237 | Q73: =$C73*N73 -> 9430.0918 | R73: =$C73*O73 -> 22337.356 | S73: =(F74-F73)/F73 -> 0.37675439 | T73: =(P74-P73)/P73 -> 0.36879627 | U73: =(Q74-Q73)/Q73 -> 0.39841424 | V73: =(R74-R73)/R73 -> 0.38265994
B74: 100000000 | C74: =100000000/B74 -> 1 | E74: Nuitka | F74: 425.53 | G74: 3.62 | H74: 31.2 | I74: 158.07 | J74: 1540.4186 | K74: 13276.536 | L74: 67263.527 | M74: 1463.8232 | N74: 13187.175 | O74: 30884.967 | P74: =C74*M74 -> 1463.8232 | Q74: =$C74*N74 -> 13187.175 | R74: =$C74*O74 -> 30884.967
A75: T32 | B75: 100000000 | C75: =100000000/B75 -> 1 | D75: Test1 | F75: 11.939 | G75: 3.49 | H75: 26.3 | I75: 140.28 | J75: 41.66711 | K75: 313.9957 | L75: 1674.8029 | M75: 36.65273 | N75: 307.07108 | O75: 722.66767 | P75: =C75*M75 -> 36.65273 | Q75: =$C75*N75 -> 307.07108 | R75: =$C75*O75 -> 722.66767 | S75: =(F76-F75)/F75 -> -0.16349778 | T75: =(P76-P75)/P75 -> -0.16622254 | U75: =(Q76-Q75)/Q75 -> -0.15439122 | V75: =(R76-R75)/R75 -> -0.12632297
B76: 100000000 | C76: =100000000/B76 -> 1 | E76: Nuitka | F76: 9.987 | G76: 3.48 | H76: 26.58 | I76: 142.97 | J76: 34.75476 | K76: 265.45446 | L76: 1427.8414 | M76: 30.56022 | N76: 259.662 | O76: 631.37814 | P76: =C76*M76 -> 30.56022 | Q76: =$C76*N76 -> 259.662 | R76: =$C76*O76 -> 631.37814
B77: 100000000 | C77: =100000000/B77 -> 1 | D77: Test2 | F77: 13.581 | G77: 3.5 | H77: 26.4 | I77: 141.86 | J77: 47.5335 | K77: 358.5384 | L77: 1926.6007 | M77: 41.82948 | N77: 350.66142 | O77: 843.51591 | P77: =C77*M77 -> 41.82948 | Q77: =$C77*N77 -> 350.66142 | R77: =$C77*O77 -> 843.51591 | S77: =(F78-F77)/F77 -> -0.078639275 | T77: =(P78-P77)/P77 -> -0.081630706 | U77: =(Q78-Q77)/Q77 -> -0.046880521 | V77: =(R78-R77)/R77 -> -0.042888521
B78: 100000000 | C78: =100000000/B78 -> 1 | E78: Nuitka | F78: 12.513 | G78: 3.49 | H78: 27.29 | I78: 144.27 | J78: 43.67037 | K78: 341.47977 | L78: 1805.2505 | M78: 38.41491 | N78: 334.22223 | O78: 807.33876 | P78: =C78*M78 -> 38.41491 | Q78: =$C78*N78 -> 334.22223 | R78: =$C78*O78 -> 807.33876
A79: T33 | B79: 100000000 | C79: =100000000/B79 -> 1 | D79: Test1 | F79: 10.699 | G79: 3.48 | H79: 28.35 | I79: 151.33 | J79: 37.23252 | K79: 303.31665 | L79: 1619.0797 | M79: 32.73894 | N79: 297.11123 | O79: 699.92858 | P79: =C79*M79 -> 32.73894 | Q79: =$C79*N79 -> 297.11123 | R79: =$C79*O79 -> 699.92858 | S79: =(F80-F79)/F79 -> -0.45966913 | T79: =(P80-P79)/P79 -> -0.45437177 | U79: =(Q80-Q79)/Q79 -> -0.50442105 | V79: =(R80-R79)/R79 -> -0.47635314
B80: 100000000 | C80: =100000000/B80 -> 1 | E80: Nuitka | F80: 5.781 | G80: 3.51 | H80: 26.05 | I80: 149.31 | J80: 20.29131 | K80: 150.59505 | L80: 863.16111 | M80: 17.86329 | N80: 147.24207 | O80: 366.5154 | P80: =C80*M80 -> 17.86329 | Q80: =$C80*N80 -> 147.24207 | R80: =$C80*O80 -> 366.5154
B81: 100000000 | C81: =100000000/B81 -> 1 | D81: Test2 | F81: 10.252 | G81: 3.49 | H81: 28.3 | I81: 152.6 | J81: 35.77948 | K81: 290.1316 | L81: 1564.4552 | M81: 31.47364 | N81: 284.18544 | O81: 683.70588 | P81: =C81*M81 -> 31.47364 | Q81: =$C81*N81 -> 284.18544 | R81: =$C81*O81 -> 683.70588 | S81: =(F82-F81)/F81 -> -0.43259852 | T81: =(P82-P81)/P81 -> -0.42705388 | U81: =(Q82-Q81)/Q81 -> -0.48970711 | V81: =(R82-R81)/R81 -> -0.47743591
B82: 100000000 | C82: =100000000/B82 -> 1 | E82: Nuitka | F82: 5.817 | G82: 3.52 | H82: 25.51 | I82: 147.33 | J82: 20.47584 | K82: 148.39167 | L82: 857.01861 | M82: 18.0327 | N82: 145.01781 | O82: 357.28014 | P82: =C82*M82 -> 18.0327 | Q82: =$C82*N82 -> 145.01781 | R82: =$C82*O82 -> 357.28014
A83: T36 | B83: 100000000 | C83: =100000000/B83 -> 1 | D83: Test1 | F83: 70.038 | G83: 3.46 | H83: 29.11 | I83: 151.52 | J83: 242.33148 | K83: 2038.8062 | L83: 10612.158 | M83: 212.91552 | N83: 1998.1841 | O83: 4483.1324 | P83: =C83*M83 -> 212.91552 | Q83: =$C83*N83 -> 1998.1841 | R83: =$C83*O83 -> 4483.1324 | S83: =(F84-F83)/F83 -> -0.28024787 | T83: =(P84-P83)/P83 -> -0.28024787 | U83: =(Q84-Q83)/Q83 -> -0.29134814 | V83: =(R84-R83)/R83 -> -0.27642478
B84: 100000000 | C84: =100000000/B84 -> 1 | E84: Nuitka | F84: 50.41 | G84: 3.46 | H84: 28.67 | I84: 151.87 | J84: 174.4186 | K84: 1445.2547 | L84: 7655.7667 | M84: 153.2464 | N84: 1416.0169 | O84: 3243.8835 | P84: =C84*M84 -> 153.2464 | Q84: =$C84*N84 -> 1416.0169 | R84: =$C84*O84 -> 3243.8835
B85: 100000000 | C85: =100000000/B85 -> 1 | D85: Test2 | F85: 61.617 | G85: 3.47 | H85: 28.96 | I85: 151.39 | J85: 213.81099 | K85: 1784.4283 | L85: 9328.1976 | M85: 187.93185 | N85: 1748.6905 | O85: 3935.4778 | P85: =C85*M85 -> 187.93185 | Q85: =$C85*N85 -> 1748.6905 | R85: =$C85*O85 -> 3935.4778 | S85: =(F86-F85)/F85 -> -0.23350699 | T85: =(P86-P85)/P85 -> -0.23350699 | U85: =(Q86-Q85)/Q85 -> -0.24755126 | V85: =(R86-R85)/R85 -> -0.24898806
B86: 100000000 | C86: =100000000/B86 -> 1 | E86: Nuitka | F86: 47.229 | G86: 3.47 | H86: 28.44 | I86: 150.1 | J86: 163.88463 | K86: 1343.1928 | L86: 7089.0729 | M86: 144.04845 | N86: 1315.7999 | O86: 2955.5908 | P86: =C86*M86 -> 144.04845 | Q86: =$C86*N86 -> 1315.7999 | R86: =$C86*O86 -> 2955.5908
A87: T40 | B87: 100000000 | C87: =100000000/B87 -> 1 | D87: Test1 | F87: 204.486 | G87: 3.5 | H87: 29.07 | I87: 152.21 | J87: 715.701 | K87: 5944.408 | L87: 31124.814 | M87: 629.81688 | N87: 5934.1837 | O87: 14013.426 | P87: =C87*M87 -> 629.81688 | Q87: =$C87*N87 -> 5934.1837 | R87: =$C87*O87 -> 14013.426 | S87: =(F88-F87)/F87 -> -0.23339006 | T87: =(P88-P87)/P87 -> -0.23090107 | U87: =(Q88-Q87)/Q87 -> -0.23629589 | V87: =(R88-R87)/R87 -> -0.22958666
B88: 100000000 | C88: =100000000/B88 -> 1 | E88: Nuitka | F88: 156.761 | G88: 3.51 | H88: 28.96 | I88: 152.56 | J88: 550.23111 | K88: 4539.7986 | L88: 23915.458 | M88: 484.39149 | N88: 4531.9605 | O88: 10796.13 | P88: =C88*M88 -> 484.39149 | Q88: =$C88*N88 -> 4531.9605 | R88: =$C88*O88 -> 10796.13
B89: 100000000 | C89: =100000000/B89 -> 1 | D89: Test2 | F89: 130.517 | G89: 3.52 | H89: 29.11 | I89: 152.42 | J89: 459.41984 | K89: 3799.3499 | L89: 19893.401 | M89: 404.6027 | N89: 3792.824 | O89: 8970.4334 | P89: =C89*M89 -> 404.6027 | Q89: =$C89*N89 -> 3792.824 | R89: =$C89*O89 -> 8970.4334 | S89: =(F90-F89)/F89 -> 0.17525686 | T89: =(P90-P89)/P89 -> 0.16767456 | U89: =(Q90-Q89)/Q89 -> 0.18617632 | V89: =(R90-R89)/R89 -> 0.1915015
B90: 100000000 | C90: =100000000/B90 -> 1 | E90: Nuitka | F90: 153.391 | G90: 3.5 | H90: 29.38 | I90: 153.37 | J90: 536.8685 | K90: 4506.6276 | L90: 23525.578 | M90: 472.44428 | N90: 4498.958 | O90: 10688.285 | P90: =C90*M90 -> 472.44428 | Q90: =$C90*N90 -> 4498.958 | R90: =$C90*O90 -> 10688.285
A91: T44 | B91: 100000000 | C91: =100000000/B91 -> 1 | D91: Test1 | F91: 6.248 | G91: 3.5 | H91: 28.18 | I91: 151.91 | J91: 21.868 | K91: 176.06864 | L91: 949.13368 | M91: 19.24384 | N91: 172.4448 | O91: 407.43208 | P91: =C91*M91 -> 19.24384 | Q91: =$C91*N91 -> 172.4448 | R91: =$C91*O91 -> 407.43208 | S91: =(F92-F91)/F91 -> -0.60611396 | T91: =(P92-P91)/P91 -> -0.60099855 | U91: =(Q92-Q91)/Q91 -> -0.67789826 | V91: =(R92-R91)/R91 -> -0.6339596
B92: 100000000 | C92: =100000000/B92 -> 1 | E92: Nuitka | F92: 2.461 | G92: 3.54 | H92: 23.15 | I92: 147.29 | J92: 8.71194 | K92: 56.97215 | L92: 362.48069 | M92: 7.67832 | N92: 55.54477 | O92: 149.1366 | P92: =C92*M92 -> 7.67832 | Q92: =$C92*N92 -> 55.54477 | R92: =$C92*O92 -> 149.1366
B93: 100000000 | C93: =100000000/B93 -> 1 | D93: Test2 | F93: 5.978 | G93: 3.51 | H93: 28.11 | I93: 154.08 | J93: 20.98278 | K93: 168.04158 | L93: 921.09024 | M93: 18.47202 | N93: 164.57434 | O93: 402.85742 | P93: =C93*M93 -> 18.47202 | Q93: =$C93*N93 -> 164.57434 | R93: =$C93*O93 -> 402.85742 | S93: =(F94-F93)/F93 -> -0.6013717 | T93: =(P94-P93)/P93 -> -0.59621146 | U93: =(Q94-Q93)/Q93 -> -0.66855787 | V93: =(R94-R93)/R93 -> -0.64212773
B94: 100000000 | C94: =100000000/B94 -> 1 | E94: Nuitka | F94: 2.383 | G94: 3.55 | H94: 23.47 | I94: 147.2 | J94: 8.45965 | K94: 55.92901 | L94: 350.7776 | M94: 7.45879 | N94: 54.54687 | O94: 144.1715 | P94: =C94*M94 -> 7.45879 | Q94: =$C94*N94 -> 54.54687 | R94: =$C94*O94 -> 144.1715
A95: T49 | B95: 100000000 | C95: =100000000/B95 -> 1 | D95: Test1 | F95: 55.194 | G95: 3.5 | H95: 28.34 | I95: 148.56 | J95: 193.179 | K95: 1564.198 | L95: 8199.6206 | M95: 169.99752 | N95: 1532.1854 | O95: 3524.6888 | P95: =C95*M95 -> 169.99752 | Q95: =$C95*N95 -> 1532.1854 | R95: =$C95*O95 -> 3524.6888 | S95: =(F96-F95)/F95 -> -0.13052143 | T95: =(P96-P95)/P95 -> -0.13052143 | U95: =(Q96-Q95)/Q95 -> -0.12801573 | V95: =(R96-R95)/R95 -> -0.10873682
B96: 100000000 | C96: =100000000/B96 -> 1 | E96: Nuitka | F96: 47.99 | G96: 3.5 | H96: 28.42 | I96: 150.15 | J96: 167.965 | K96: 1363.8758 | L96: 7205.6985 | M96: 147.8092 | N96: 1336.0416 | O96: 3141.4254 | P96: =C96*M96 -> 147.8092 | Q96: =$C96*N96 -> 1336.0416 | R96: =$C96*O96 -> 3141.4254
B97: 100000000 | C97: =100000000/B97 -> 1 | D97: Test2 | F97: 54.971 | G97: 3.51 | H97: 28.08 | I97: 148.14 | J97: 192.94821 | K97: 1543.5857 | L97: 8143.4039 | M97: 169.86039 | N97: 1511.7025 | O97: 3487.3602 | P97: =C97*M97 -> 169.86039 | Q97: =$C97*N97 -> 1511.7025 | R97: =$C97*O97 -> 3487.3602 | S97: =(F98-F97)/F97 -> -0.043259173 | T97: =(P98-P97)/P97 -> -0.04945167 | U97: =(Q98-Q97)/Q97 -> 0.028409413 | V97: =(R98-R97)/R97 -> 0.054767551
B98: 100000000 | C98: =100000000/B98 -> 1 | E98: Nuitka | F98: 52.593 | G98: 3.49 | H98: 30.14 | I98: 154.64 | J98: 183.54957 | K98: 1585.153 | L98: 8132.9815 | M98: 161.46051 | N98: 1554.6491 | O98: 3678.3544 | P98: =C98*M98 -> 161.46051 | Q98: =$C98*N98 -> 1554.6491 | R98: =$C98*O98 -> 3678.3544
A99: T50 | B99: 100000 | C99: =100000000/B99 -> 1000 | D99: Test1 | F99: 7.383 | G99: 3.49 | H99: 27.08 | I99: 147.85 | J99: 25.76667 | K99: 199.93164 | L99: 1091.5765 | M99: 22.66581 | N99: 195.6495 | O99: 502.26549 | P99: =C99*M99 -> 22665.81 | Q99: =$C99*N99 -> 195649.5 | R99: =$C99*O99 -> 502265.49 | S99: =(F100-F99)/F99 -> -0.15847217 | T99: =(P100-P99)/P99 -> -0.1529899 | U99: =(Q100-Q99)/Q99 -> -0.14672253 | V99: =(R100-R99)/R99 -> -0.14659701
B100: 100000 | C100: =100000000/B100 -> 1000 | E100: Nuitka | F100: 6.213 | G100: 3.51 | H100: 27.45 | I100: 148.8 | J100: 21.80763 | K100: 170.54685 | L100: 924.4944 | M100: 19.19817 | N100: 166.94331 | O100: 428.63487 | P100: =C100*M100 -> 19198.17 | Q100: =$C100*N100 -> 166943.31 | R100: =$C100*O100 -> 428634.87
...

Sheet Python Technique results
C2: CPython | N2: Nuitka
C3: Time (s) | H3: Energy consumption (J) | N3: Time (s) | S3: Energy consumption (J) | Z3: Energy consumption (J) | AC3: Energy consumption (J)
B4: Technique | C4: CPython | D4: Nuitka | E4: Impact (%) | F4: p-value | G4: Effect size | H4: CPython | I4: Nuitka | J4: Impact (%) | K4: p-value | L4: Effect size | M4: Technique | N4: CPython | O4: Nuitka | P4: Impact (%) | Q4: p-value | R4: Effect size | S4: CPython | T4: Nuitka | U4: Impact (%) | V4: p-value | W4: Effect size | X4: Average impact (%) | Z4: Cpython | AC4: Nuitka
B5: T4 | C5: {=INDIRECT("'Python Impact of Technique'!F" & 3 + (ROW(A1)-1)*4)} -> 85.152 | D5: {=INDIRECT("'Python Impact of Technique'!F" & 4 + (ROW(A1)-1)*4)} -> 47.722 | E5: {=INDIRECT("'Python Impact of Technique'!S" & 3 + (ROW(A1)-1)*4)*100} -> -43.956689 | F5: 2.8719491e-11 | G5: large | H5: {=INDIRECT("'Python Impact of Technique'!R" & 3 + (ROW(A1)-1)*4)} -> 5897.6275 | I5: {=INDIRECT("'Python Impact of Technique'!R" & 4 + (ROW(A1)-1)*4)} -> 3317.1562 | J5: {=INDIRECT("'Python Impact of Technique'!V" & 3 + (ROW(A1)-1)*4)*100} -> -43.754396 | K5: 2.8719491e-11 | L5: large | M5: T4 | N5: {=INDIRECT("'Python Impact of Technique'!F" & 5 + (ROW(A1)-1)*4)} -> 136.294 | O5: {=INDIRECT("'Python Impact of Technique'!F" & 6 + (ROW(A1)-1)*4)} -> 42.798 | P5: {=INDIRECT("'Python Impact of Technique'!S" & 5 + (ROW(A1)-1)*4)*100} -> -68.598764 | Q5: 2.8719491e-11 | R5: large | S5: {=INDIRECT("'Python Impact of Technique'!R" & 5 + (ROW(A1)-1)*4)} -> 9396.1084 | T5: {=INDIRECT("'Python Impact of Technique'!R" & 6 + (ROW(A1)-1)*4)} -> 2935.5148 | U5: {=INDIRECT("'Python Impact of Technique'!V" & 5 + (ROW(A1)-1)*4)*100} -> -68.758185 | V5: 2.8719491e-11 | W5: large | X5: =AVERAGE(J5,U5) -> -56.25629 | Z5: Impact | AA5: Techniques | AC5: Impact | AD5: Techniques
B6: T5 | C6: {=INDIRECT("'Python Impact of Technique'!F" & 3 + (ROW(A2)-1)*4)} -> 5.619 | D6: {=INDIRECT("'Python Impact of Technique'!F" & 4 + (ROW(A2)-1)*4)} -> 5.267 | E6: {=INDIRECT("'Python Impact of Technique'!S" & 3 + (ROW(A2)-1)*4)*100} -> -6.2644599 | F6: 0.00067282951 | G6: medium | H6: {=INDIRECT("'Python Impact of Technique'!R" & 3 + (ROW(A2)-1)*4)} -> 347366.58 | I6: {=INDIRECT("'Python Impact of Technique'!R" & 4 + (ROW(A2)-1)*4)} -> 322129.72 | J6: {=INDIRECT("'Python Impact of Technique'!V" & 3 + (ROW(A2)-1)*4)*100} -> -7.2651952 | K6: 3.6431711e-10 | L6: large | M6: T5 | N6: {=INDIRECT("'Python Impact of Technique'!F" & 5 + (ROW(A2)-1)*4)} -> 6.266 | O6: {=INDIRECT("'Python Impact of Technique'!F" & 6 + (ROW(A2)-1)*4)} -> 5.958 | P6: {=INDIRECT("'Python Impact of Technique'!S" & 5 + (ROW(A2)-1)*4)*100} -> -4.9154165 | Q6: 0.054608865 | R6: small | S6: {=INDIRECT("'Python Impact of Technique'!R" & 5 + (ROW(A2)-1)*4)} -> 421952.44 | T6: {=INDIRECT("'Python Impact of Technique'!R" & 6 + (ROW(A2)-1)*4)} -> 387806.22 | U6: {=INDIRECT("'Python Impact of Technique'!V" & 5 + (ROW(A2)-1)*4)*100} -> -8.0924334 | V6: 2.8719491e-11 | W6: large | X6: =AVERAGE(J6,U6) -> -7.6788143 | Z6: <= -75 | AA6: {=_xlfn.TEXTJOIN(", ", TRUE, IF(J5:J30 <= -75, B5:B30, ""))} | AC6: <= -75 | AD6: {=_xlfn.TEXTJOIN(", ", TRUE, IF(U5:U30 <= -75, M5:M30, ""))}
B7: T7 | C7: {=INDIRECT("'Python Impact of Technique'!F" & 3 + (ROW(A3)-1)*4)} -> 21.376 | D7: {=INDIRECT("'Python Impact of Technique'!F" & 4 + (ROW(A3)-1)*4)} -> 15.072 | E7: {=INDIRECT("'Python Impact of Technique'!S" & 3 + (ROW(A3)-1)*4)*100} -> -29.491018 | F7: 2.8719491e-11 | G7: large | H7: {=INDIRECT("'Python Impact of Technique'!R" & 3 + (ROW(A3)-1)*4)} -> 1516.1997 | I7: {=INDIRECT("'Python Impact of Technique'!R" & 4 + (ROW(A3)-1)*4)} -> 1051.8749 | J7: {=INDIRECT("'Python Impact of Technique'!V" & 3 + (ROW(A3)-1)*4)*100} -> -30.624251 | K7: 2.8719491e-11 | L7: large | M7: T7 | N7: {=INDIRECT("'Python Impact of Technique'!F" & 5 + (ROW(A3)-1)*4)} -> 19.172 | O7: {=INDIRECT("'Python Impact of Technique'!F" & 6 + (ROW(A3)-1)*4)} -> 11.672 | P7: {=INDIRECT("'Python Impact of Technique'!S" & 5 + (ROW(A3)-1)*4)*100} -> -39.119549 | Q7: 2.8719491e-11 | R7: large | S7: {=INDIRECT("'Python Impact of Technique'!R" & 5 + (ROW(A3)-1)*4)} -> 1283.9488 | T7: {=INDIRECT("'Python Impact of Technique'!R" & 6 + (ROW(A3)-1)*4)} -> 755.64528 | U7: {=INDIRECT("'Python Impact of Technique'!V" & 5 + (ROW(A3)-1)*4)*100} -> -41.146777 | V7: 2.8719491e-11 | W7: large | X7: =AVERAGE(J7,U7) -> -35.885514 | Z7: > -75 & <= -25 | AA7: {=_xlfn.TEXTJOIN(", ", TRUE, IF((J5:J30 > -75) * (J5:J30 <= -25), B5:B30, ""))} -> T4, T7, T8, T9, T10, T26, T40, T51 | AC7: > -75 & <= -25 | AD7: {=_xlfn.TEXTJOIN(", ", TRUE, IF((U5:U30 > -75) * (U5:U30 <= -25), M5:M30, ""))} -> T4, T7, T8, T9, T10, T50, T51
B8: T8 | C8: {=INDIRECT("'Python Impact of Technique'!F" & 3 + (ROW(A4)-1)*4)} -> 24.301 | D8: {=INDIRECT("'Python Impact of Technique'!F" & 4 + (ROW(A4)-1)*4)} -> 7.115 | E8: {=INDIRECT("'Python Impact of Technique'!S" & 3 + (ROW(A4)-1)*4)*100} -> -70.721369 | F8: 2.8719491e-11 | G8: large | H8: {=INDIRECT("'Python Impact of Technique'!R" & 3 + (ROW(A4)-1)*4)} -> 1506.419 | I8: {=INDIRECT("'Python Impact of Technique'!R" & 4 + (ROW(A4)-1)*4)} -> 446.2528 | J8: {=INDIRECT("'Python Impact of Technique'!V" & 3 + (ROW(A4)-1)*4)*100} -> -70.376582 | K8: 2.8719491e-11 | L8: large | M8: T8 | N8: {=INDIRECT("'Python Impact of Technique'!F" & 5 + (ROW(A4)-1)*4)} -> 18 | O8: {=INDIRECT("'Python Impact of Technique'!F" & 6 + (ROW(A4)-1)*4)} -> 8.15 | P8: {=INDIRECT("'Python Impact of Technique'!S" & 5 + (ROW(A4)-1)*4)*100} -> -54.722222 | Q8: 2.8719491e-11 | R8: large | S8: {=INDIRECT("'Python Impact of Technique'!R" & 5 + (ROW(A4)-1)*4)} -> 1121.22 | T8: {=INDIRECT("'Python Impact of Technique'!R" & 6 + (ROW(A4)-1)*4)} -> 525.9195 | U8: {=INDIRECT("'Python Impact of Technique'!V" & 5 + (ROW(A4)-1)*4)*100} -> -53.093996 | V8: 2.8719491e-11 | W8: large | X8: =AVERAGE(J8,U8) -> -61.735289 | Z8: > -25 & <= -3 | AA8: {=_xlfn.TEXTJOIN(", ", TRUE, IF((J5:J30 > -25) * (J5:J30 <= -3), B5:B30, ""))} -> T5, T11, T12, T13, T20, T25, T36, T50 | AC8: > -25 & <= -3 | AD8: {=_xlfn.TEXTJOIN(", ", TRUE, IF((U5:U30 > -25) * (U5:U30 <= -3), M5:M30, ""))} -> T5, T11, T12, T25, T26, T36, T44
B9: T9 | C9: {=INDIRECT("'Python Impact of Technique'!F" & 3 + (ROW(A5)-1)*4)} -> 6.021 | D9: {=INDIRECT("'Python Impact of Technique'!F" & 4 + (ROW(A5)-1)*4)} -> 4.404 | E9: {=INDIRECT("'Python Impact of Technique'!S" & 3 + (ROW(A5)-1)*4)*100} -> -26.856004 | F9: 2.8719491e-11 | G9: large | H9: {=INDIRECT("'Python Impact of Technique'!R" & 3 + (ROW(A5)-1)*4)} -> 431.28423 | I9: {=INDIRECT("'Python Impact of Technique'!R" & 4 + (ROW(A5)-1)*4)} -> 288.50604 | J9: {=INDIRECT("'Python Impact of Technique'!V" & 3 + (ROW(A5)-1)*4)*100} -> -33.105358 | K9: 2.8719491e-11 | L9: large | M9: T9 | N9: {=INDIRECT("'Python Impact of Technique'!F" & 5 + (ROW(A5)-1)*4)} -> 3.072 | O9: {=INDIRECT("'Python Impact of Technique'!F" & 6 + (ROW(A5)-1)*4)} -> 2.278 | P9: {=INDIRECT("'Python Impact of Technique'!S" & 5 + (ROW(A5)-1)*4)*100} -> -25.846354 | Q9: 9.6734615e-09 | R9: large | S9: {=INDIRECT("'Python Impact of Technique'!R" & 5 + (ROW(A5)-1)*4)} -> 200.84736 | T9: {=INDIRECT("'Python Impact of Technique'!R" & 6 + (ROW(A5)-1)*4)} -> 144.06072 | U9: {=INDIRECT("'Python Impact of Technique'!V" & 5 + (ROW(A5)-1)*4)*100} -> -28.273531 | V9: 2.8719491e-11 | W9: large | X9: =AVERAGE(J9,U9) -> -30.689445 | Z9: > -3 & < 3 | AA9: {=_xlfn.TEXTJOIN(", ", TRUE, IF((J5:J30 > -3) * (J5:J30 < 3), B5:B30, ""))} -> T16, T33, T44, T49 | AC9: > -3 & < 3 | AD9: {=_xlfn.TEXTJOIN(", ", TRUE, IF((U5:U30 > -3) * (U5:U30 < 3), M5:M30, ""))} -> T13, T33, T40
